tmean_annual,tmax_mean_annual,tmin_mean_annual,tmean_summer,tmax_mean_summer,tmin_mean_summer,tmean_winter,tmax_mean_winter,tmin_mean_winter,tmean_autumn,tmax_mean_autumn,tmin_mean_autumn,tmean_spring,tmax_mean_spring,tmin_mean_spring,hot_days_30c,hot_days_35c,tropical_nights_20c,frost_days,heat_wave_days,cold_spell_days,dtr_mean,dtr_p95,temp_monthly_sd,seasonal_amplitude,cdd_18,hdd_10,ehdd,tmax_p95,tmin_p05,name
17.277322404371585,22.982513661202187,12.255737704918033,23.071428571428566,30.24615384615385,17.002197802197802,12.009782608695653,16.391304347826086,7.964130434782608,17.078260869565216,22.505434782608695,12.332608695652173,17.00989010989011,22.864835164835167,11.77032967032967,69,8,8,0,24,29,10.726775956284152,15.8,4.90997206278601,11.061645962732912,702.5,37.8,54.59999999999994,32.724999999999994,4.6499999999999995,Alhué
14.154918032786885,21.873497267759564,8.072950819672132,19.930769230769233,30.089010989010994,11.820879120879123,8.389130434782608,13.794565217391305,4.109782608695652,14.075,21.38695652173913,8.409782608695652,14.289010989010992,22.31758241758242,7.991208791208792,62,6,0,9,25,33,13.800546448087431,20.549999999999997,5.027352089302679,11.541638795986625,251.39999999999998,230.4,45.40000000000005,32.475,1.5,Buin
13.968579234972678,21.679234972677598,7.833060109289619,20.115384615384617,29.16263736263736,12.627472527472523,7.5989130434782615,14.033695652173913,2.928260869565218,14.019565217391301,21.55108695652174,8.021739130434783,14.20989010989011,22.054945054945055,7.806593406593406,39,3,0,30,22,29,13.846174863387978,19.6,5.489959885008538,12.516471571906354,276.19999999999993,308.09999999999997,49.050000000000026,31.8,-0.975,Calera de Tango
16.10928961748634,23.233606557377048,10.51448087431694,22.468131868131863,31.09010989010989,15.386813186813187,9.865217391304347,15.244565217391305,5.7760869565217385,15.96195652173913,23.030434782608697,10.623913043478261,16.212087912087913,23.65934065934066,10.32197802197802,91,8,2,2,22,32,12.719125683060112,18.175000000000004,5.50820928258254,12.602914476827516,594.5,114.6,45.10000000000001,33.724999999999994,2.7,Cerrillos
15.91639344262295,23.379234972677594,10.031967213114754,22.341758241758242,31.0989010989011,14.824175824175827,9.70108695652174,15.458695652173914,5.615217391304347,15.640217391304349,23.21521739130435,9.966304347826087,16.053846153846152,23.832967032967034,9.77142857142857,90,9,0,3,26,30,13.347267759562843,18.799999999999997,5.468709850293162,12.640671285236502,554.6999999999999,120.6,51.749999999999986,33.4,3.125,Cerro Navia
13.538524590163936,18.45191256830601,9.40327868852459,18.81208791208791,25.49010989010989,13.709890109890106,8.759782608695652,11.690217391304348,5.517391304347826,13.205434782608696,17.867391304347827,9.570652173913045,13.432967032967033,18.840659340659343,8.856043956043957,4,0,1,10,26,35,9.048633879781422,13.700000000000001,4.5442833968072955,10.05230530339226,171.4,325.1,48.1,28.1,1.625,Colina
16.061475409836067,22.694535519125687,10.713934426229509,22.08021978021978,30.425274725274722,15.012087912087914,10.4,14.906521739130437,6.829347826086957,15.84021739130435,22.427173913043475,10.748913043478263,15.990109890109888,23.10769230769231,10.307692307692308,71,4,0,0,27,24,11.980601092896176,17.275000000000006,5.092516384808906,11.680219780219781,536.6,100.7,53.24999999999994,32.675000000000004,4.4,Conchalí
15.12650273224044,21.495628415300544,9.759016393442623,20.440659340659337,28.730769230769237,13.884615384615385,9.840217391304348,14.153260869565216,5.674999999999999,15.192391304347824,21.330434782608698,10.122826086956522,15.090109890109888,21.850549450549448,9.394505494505495,33,2,1,1,27,24,11.736612021857924,16.875,4.642467931688412,10.60044194935499,331.5,118.2,48.40000000000002,31.05,2.7,Curacaví
15.135245901639344,22.37896174863388,9.357923497267759,21.634065934065934,30.285714285714285,14.553846153846155,8.804347826086957,14.509782608695653,4.470652173913045,15.035869565217391,22.269565217391307,9.420652173913044,15.137362637362637,22.53846153846154,9.03956043956044,71,5,0,12,24,24,13.02103825136612,18.875,5.618395525462907,12.829718107978977,464.7,198.10000000000002,45.55000000000004,32.775,1.025,El Bosque
14.260109289617489,21.7672131147541,8.516666666666666,19.64835164835165,28.64285714285714,12.891208791208793,8.568478260869565,14.41521739130435,4.2076086956521745,14.26630434782609,21.653260869565216,8.497826086956522,14.619780219780221,22.439560439560438,8.517582417582416,35,5,0,8,19,30,13.250546448087428,19.0,4.885474164349613,11.079873387482085,232.3,205.20000000000002,50.649999999999984,31.1,0.725,El Monte
16.10928961748634,23.233606557377048,10.51448087431694,22.468131868131863,31.09010989010989,15.386813186813187,9.865217391304347,15.244565217391305,5.7760869565217385,15.96195652173913,23.030434782608697,10.623913043478261,16.212087912087913,23.65934065934066,10.32197802197802,91,8,2,2,22,32,12.719125683060112,18.175000000000004,5.50820928258254,12.602914476827516,594.5,114.6,45.10000000000001,33.724999999999994,2.7,Estación Central
16.061475409836067,22.694535519125687,10.713934426229509,22.08021978021978,30.425274725274722,15.012087912087914,10.4,14.906521739130437,6.829347826086957,15.84021739130435,22.427173913043475,10.748913043478263,15.990109890109888,23.10769230769231,10.307692307692308,71,4,0,0,27,24,11.980601092896176,17.275000000000006,5.092516384808906,11.680219780219781,536.6,100.7,53.24999999999994,32.675000000000004,4.4,Huechuraba
16.1724043715847,22.754644808743173,11.006557377049178,22.030769230769234,30.397802197802196,15.33076923076923,10.71195652173913,15.108695652173916,6.985869565217392,15.872826086956522,22.495652173913044,11.031521739130435,16.137362637362635,23.103296703296703,10.721978021978021,68,3,3,1,26,28,11.748087431693989,17.0,4.977032964093704,11.318812709030103,536.6,89.70000000000002,53.19999999999999,32.675000000000004,4.125,Independencia
15.285245901639342,21.875956284153006,10.241803278688524,20.626373626373624,29.11648351648351,14.057142857142855,9.97391304347826,14.63152173913043,6.336956521739129,15.132608695652175,21.396739130434785,10.450000000000003,15.46813186813187,22.443956043956046,10.163736263736265,41,6,0,3,19,29,11.634153005464482,17.55,4.683232235937143,10.652460582895364,355.90000000000003,120.50000000000001,46.90000000000002,31.975,3.65,Isla de Maipo
15.618852459016393,22.198360655737705,10.4,21.779120879120875,29.72857142857143,15.526373626373628,9.660869565217393,14.84565217391304,5.447826086956522,15.411956521739128,21.905434782608694,10.632608695652175,15.69120879120879,22.3978021978022,10.045054945054945,53,2,3,4,26,28,11.798360655737707,16.8,5.348161470147802,12.118251313903482,503.09999999999997,156.5,49.60000000000003,32.0,1.9249999999999998,La Cisterna
14.835792349726775,21.450000000000003,9.426775956284155,21.18571428571429,28.9021978021978,15.114285714285716,8.748913043478263,14.453260869565215,4.1173913043478265,14.667391304347825,21.120652173913044,9.568478260869567,14.80989010989011,21.404395604395603,8.963736263736264,34,1,0,16,28,29,12.023224043715848,17.275,5.496058887421919,12.436801242236028,413.4,230.3,53.59999999999999,31.1,0.35,La Florida
15.618852459016393,22.198360655737705,10.4,21.779120879120875,29.72857142857143,15.526373626373628,9.660869565217393,14.84565217391304,5.447826086956522,15.411956521739128,21.905434782608694,10.632608695652175,15.69120879120879,22.3978021978022,10.045054945054945,53,2,3,4,26,28,11.798360655737707,16.8,5.348161470147802,12.118251313903482,503.09999999999997,156.5,49.60000000000003,32.0,1.9249999999999998,La Granja
14.078415300546448,21.338524590163935,8.109289617486338,20.4010989010989,29.23626373626373,13.17032967032967,7.853260869565218,13.665217391304349,3.172826086956522,14.127173913043476,21.211956521739133,8.375000000000002,14.0,21.326373626373623,7.77032967032967,40,2,0,30,24,27,13.229234972677595,18.900000000000002,5.526522202498854,12.547838031533683,315.5,297.5,47.450000000000024,31.8,-1.1,La Pintana
15.48032786885246,22.073224043715847,10.274043715846995,21.64395604395604,29.5978021978022,15.401098901098901,9.52282608695652,14.719565217391304,5.325,15.265217391304349,21.780434782608697,10.508695652173913,15.557142857142857,22.27912087912088,9.913186813186813,48,2,3,5,26,28,11.799180327868852,16.8,5.346043504849164,12.121129956999521,482.1,166.9,48.199999999999946,31.875,1.825,La Reina
16.687158469945356,23.903551912568307,10.860928961748634,23.204395604395607,31.5989010989011,15.891208791208793,10.352173913043478,15.952173913043477,6.0836956521739145,16.356521739130436,23.664130434782606,10.903260869565218,16.90879120879121,24.489010989010985,10.617582417582419,104,12,3,0,29,28,13.042622950819673,18.275,5.624300382365171,12.85222169135213,706.8000000000001,96.4,53.900000000000006,33.975,3.225,Lampa
14.43551912568306,19.77185792349727,10.007650273224044,20.469230769230766,26.785714285714285,15.541758241758243,8.76086956521739,13.224999999999998,4.935869565217391,14.053260869565216,19.13804347826087,10.056521739130435,14.525274725274727,20.017582417582418,9.551648351648351,13,0,3,10,25,34,9.764207650273223,13.799999999999999,5.27755141490385,11.708361204013375,340.8,293.4,51.89999999999999,29.075000000000003,0.9,Las Condes
11.271584699453554,14.585792349726777,7.813387978142076,16.602197802197804,20.504395604395604,13.127472527472529,6.43695652173913,9.032608695652176,3.151086956521739,11.24021739130435,14.453260869565218,8.13913043478261,10.86043956043956,14.415384615384617,6.883516483516483,0,0,0,38,29,25,6.772404371584699,11.3,4.836148066560271,10.165241280458673,57.6,656.6000000000001,51.75000000000005,23.2,-1.6,Lo Barnechea
16.10928961748634,23.233606557377048,10.51448087431694,22.468131868131863,31.09010989010989,15.386813186813187,9.865217391304347,15.244565217391305,5.7760869565217385,15.96195652173913,23.030434782608697,10.623913043478261,16.212087912087913,23.65934065934066,10.32197802197802,91,8,2,2,22,32,12.719125683060112,18.175000000000004,5.50820928258254,12.602914476827516,594.5,114.6,45.10000000000001,33.724999999999994,2.7,Lo Espejo
15.91639344262295,23.379234972677594,10.031967213114754,22.341758241758242,31.0989010989011,14.824175824175827,9.70108695652174,15.458695652173914,5.615217391304347,15.640217391304349,23.21521739130435,9.966304347826087,16.053846153846152,23.832967032967034,9.77142857142857,90,9,0,3,26,30,13.347267759562843,18.799999999999997,5.468709850293162,12.640671285236502,554.6999999999999,120.6,51.749999999999986,33.4,3.125,Lo Prado
15.618852459016393,22.198360655737705,10.4,21.779120879120875,29.72857142857143,15.526373626373628,9.660869565217393,14.84565217391304,5.447826086956522,15.411956521739128,21.905434782608694,10.632608695652175,15.69120879120879,22.3978021978022,10.045054945054945,53,2,3,4,26,28,11.798360655737707,16.8,5.348161470147802,12.118251313903482,503.09999999999997,156.5,49.60000000000003,32.0,1.9249999999999998,Macul
15.189617486338797,22.356010928961748,9.562295081967214,21.275824175824177,29.71538461538461,14.270329670329671,9.102173913043476,14.80108695652174,4.915217391304347,15.047826086956523,22.107608695652175,9.799999999999999,15.401098901098901,22.885714285714286,9.312087912087911,56,4,0,3,26,29,12.793715846994536,18.0,5.320391698902316,12.1736502627807,428.20000000000005,169.9,49.699999999999974,32.2,2.225,Maipú
14.98743169398907,22.24754098360656,9.45655737704918,20.482417582417582,29.2989010989011,13.649450549450549,9.502173913043478,14.92717391304348,5.042391304347826,15.031521739130433,22.315217391304348,9.876086956521739,14.993406593406595,22.52857142857143,9.302197802197803,46,4,0,8,26,31,12.790983606557377,17.675,4.765586592214868,10.980243669374104,306.80000000000007,126.39999999999999,48.300000000000026,31.5,2.05,María Pinto
14.528688524590164,21.816120218579236,9.03360655737705,19.51538461538462,27.96483516483516,13.1989010989011,9.34673913043478,14.945652173913041,4.89782608695652,14.503260869565217,22.031521739130437,9.014130434782608,14.806593406593407,22.395604395604394,9.06923076923077,32,5,0,6,19,32,12.782513661202184,18.9,4.522709984861925,10.168645484949838,216.40000000000003,142.9,57.999999999999964,31.2,1.4249999999999998,Melipilla
14.978142076502733,22.151092896174866,9.287978142076502,20.602197802197804,29.031868131868134,13.828571428571427,9.075,14.942391304347824,4.694565217391304,14.976086956521737,21.95108695652174,9.410869565217393,15.324175824175825,22.760439560439565,9.267032967032968,40,3,0,4,20,37,12.86311475409836,18.5,5.0742818078204825,11.527197802197804,355.0999999999999,161.6,47.100000000000016,31.775,1.8,Padre Hurtado
15.563387978142076,22.806010928961747,9.607923497267759,21.47912087912088,31.187912087912085,13.758241758241759,10.005434782608695,14.879347826086958,5.613043478260869,15.395652173913044,22.26739130434783,10.02608695652174,15.436263736263736,22.982417582417582,9.073626373626372,85,9,0,4,28,27,13.198087431693988,19.3,5.00947248246323,11.473686096512186,444.0,130.2,51.299999999999955,33.7,2.3,Paine
16.10928961748634,23.233606557377048,10.51448087431694,22.468131868131863,31.09010989010989,15.386813186813187,9.865217391304347,15.244565217391305,5.7760869565217385,15.96195652173913,23.030434782608697,10.623913043478261,16.212087912087913,23.65934065934066,10.32197802197802,91,8,2,2,22,32,12.719125683060112,18.175000000000004,5.50820928258254,12.602914476827516,594.5,114.6,45.10000000000001,33.724999999999994,2.7,Pedro Aguirre Cerda
14.114207650273222,21.718032786885246,8.245901639344263,19.798901098901098,28.66923076923077,12.83956043956044,8.093478260869565,14.44782608695652,3.560869565217391,14.07826086956522,21.492391304347827,8.307608695652174,14.552747252747254,22.345054945054944,8.326373626373629,35,3,0,19,18,33,13.472131147540985,19.25,5.146675916316627,11.705422838031533,244.0,254.0,45.20000000000002,31.475,-0.024999999999999994,Peñaflor
14.73825136612022,21.35,9.326775956284152,21.086813186813185,28.802197802197803,15.014285714285714,8.65108695652174,14.35326086956522,4.017391304347826,14.568478260869565,21.020652173913046,9.468478260869565,14.715384615384616,21.3043956043956,8.863736263736264,32,0,0,16,28,29,12.023224043715848,17.275,5.495788913054611,12.435726230291445,399.9,239.3,53.60000000000005,31.0,0.25,Peñalolén
15.562021857923499,21.479508196721312,10.55,21.753846153846155,28.375824175824174,16.318681318681318,9.701086956521738,15.195652173913047,5.42608695652174,15.398913043478261,21.12173913043478,10.583695652173912,15.460439560439559,21.2978021978022,9.927472527472528,27,0,4,6,28,32,10.929508196721313,15.475,5.375055410466909,12.052759197324416,505.6,177.4,44.60000000000005,30.875,1.9,Pirque
16.1724043715847,22.754644808743173,11.006557377049178,22.030769230769234,30.397802197802196,15.33076923076923,10.71195652173913,15.108695652173916,6.985869565217392,15.872826086956522,22.495652173913044,11.031521739130435,16.137362637362635,23.103296703296703,10.721978021978021,68,3,3,1,26,28,11.748087431693989,17.0,4.977032964093704,11.318812709030103,536.6,89.70000000000002,53.19999999999999,32.675000000000004,4.125,Providencia
14.947814207650271,22.048360655737707,9.286338797814208,21.016483516483518,29.25384615384616,14.058241758241758,8.990217391304348,14.63695652173913,4.805434782608695,14.710869565217392,21.80652173913043,9.316304347826087,15.141758241758245,22.58021978021978,9.014285714285714,41,3,0,2,22,29,12.762021857923497,17.7,5.2489944903568295,12.02626612517917,387.3,185.1,53.10000000000004,31.575000000000003,2.0,Pudahuel
14.933333333333334,21.524590163934427,9.503825136612022,21.284615384615382,28.97142857142856,15.197802197802195,8.84891304347826,14.53478260869565,4.19891304347826,14.761956521739132,21.192391304347826,9.635869565217394,14.906593406593407,21.480219780219777,9.03956043956044,35,1,0,16,28,29,12.020765027322405,17.275000000000002,5.4961698232739,12.435702341137121,427.0,222.10000000000002,53.49999999999995,31.2,0.45,Puente Alto
15.491803278688524,22.955191256830602,9.507377049180329,22.052747252747253,30.621978021978027,14.495604395604397,9.096739130434782,15.07391304347826,4.856521739130434,15.21630434782609,22.83043478260869,9.5,15.674725274725274,23.382417582417585,9.22857142857143,77,6,0,2,27,31,13.447814207650271,18.549999999999997,5.6123662630199025,12.95600812231247,507.0,168.7,56.10000000000004,32.9,2.05,Quilicura
16.48497267759563,23.079508196721314,11.331967213114755,22.345054945054944,30.72197802197803,15.652747252747254,11.022826086956522,15.430434782608693,7.315217391304347,16.18804347826087,22.823913043478257,11.357608695652175,16.447252747252747,23.428571428571427,11.046153846153846,83,4,3,0,24,28,11.747540983606559,16.9,4.977470809006686,11.322228858098422,586.1,73.2,51.85000000000005,32.975,4.425000000000001,Quinta Normal
16.1724043715847,22.754644808743173,11.006557377049178,22.030769230769234,30.397802197802196,15.33076923076923,10.71195652173913,15.108695652173916,6.985869565217392,15.872826086956522,22.495652173913044,11.031521739130435,16.137362637362635,23.103296703296703,10.721978021978021,68,3,3,1,26,28,11.748087431693989,17.0,4.977032964093704,11.318812709030103,536.6,89.70000000000002,53.19999999999999,32.675000000000004,4.125,Recoleta
15.91639344262295,23.379234972677594,10.031967213114754,22.341758241758242,31.0989010989011,14.824175824175827,9.70108695652174,15.458695652173914,5.615217391304347,15.640217391304349,23.21521739130435,9.966304347826087,16.053846153846152,23.832967032967034,9.77142857142857,90,9,0,3,26,30,13.347267759562843,18.799999999999997,5.468709850293162,12.640671285236502,554.6999999999999,120.6,51.749999999999986,33.4,3.125,Renca
14.448087431693988,21.718306010928963,8.482513661202187,20.779120879120878,29.618681318681315,13.543956043956044,8.221739130434784,14.040217391304349,3.552173913043478,14.492391304347825,21.593478260869563,8.750000000000002,14.367032967032968,21.70659340659341,8.135164835164833,53,2,0,22,24,27,13.235792349726777,18.9,5.528967729820711,12.557381748686094,361.2,256.2,48.199999999999974,32.2,-0.775,San Bernardo
16.315300546448086,22.873224043715844,11.074043715846994,22.475824175824176,30.397802197802196,16.2010989010989,10.354347826086956,15.519565217391307,6.124999999999999,16.11086956521739,22.58043478260869,11.308695652173911,16.38791208791209,23.079120879120882,10.713186813186812,72,4,6,1,26,28,11.799180327868852,16.8,5.3496844811127175,12.12147634973722,610.9,111.89999999999999,49.50000000000006,32.675000000000004,2.625,San Joaquín
3.737158469945355,6.7322404371584685,0.37704918032786916,10.18021978021978,13.773626373626373,6.464835164835166,-1.8369565217391304,0.708695652173913,-4.848913043478261,4.2,7.215217391304346,0.8913043478260868,2.4615384615384617,5.292307692307692,-0.9472527472527471,0,0,0,170,32,27,6.355191256830601,10.85,5.682842034606162,12.01717630195891,0.0,2478.4,68.85000000000004,18.075000000000003,-10.4,San José de Maipo
16.375956284153006,22.973224043715845,11.174043715846995,22.53846153846154,30.497802197802194,16.301098901098904,10.419565217391304,15.619565217391305,6.2250000000000005,16.16086956521739,22.68043478260869,11.408695652173915,16.452747252747255,23.179120879120877,10.813186813186814,76,4,7,1,26,28,11.799180327868852,16.8,5.344614484882918,12.118896321070237,619.5000000000001,108.19999999999999,48.2,32.775,2.725,San Miguel
14.671038251366122,21.262841530054647,9.624590163934425,19.752747252747255,27.546153846153842,13.552747252747253,9.361956521739133,14.173913043478262,5.709782608695653,14.763043478260867,21.566304347826087,9.730434782608697,14.863736263736262,21.83956043956044,9.547252747252749,41,6,1,3,22,30,11.638251366120219,17.6,4.588506999993676,10.390790731008122,244.90000000000003,137.0,55.14999999999994,31.125,2.8,San Pedro
15.618852459016393,22.198360655737705,10.4,21.779120879120875,29.72857142857143,15.526373626373628,9.660869565217393,14.84565217391304,5.447826086956522,15.411956521739128,21.905434782608694,10.632608695652175,15.69120879120879,22.3978021978022,10.045054945054945,53,2,3,4,26,28,11.798360655737707,16.8,5.348161470147802,12.118251313903482,503.09999999999997,156.5,49.60000000000003,32.0,1.9249999999999998,San Ramón
16.1724043715847,22.754644808743173,11.006557377049178,22.030769230769234,30.397802197802196,15.33076923076923,10.71195652173913,15.108695652173916,6.985869565217392,15.872826086956522,22.495652173913044,11.031521739130435,16.137362637362635,23.103296703296703,10.721978021978021,68,3,3,1,26,28,11.748087431693989,17.0,4.977032964093704,11.318812709030103,536.6,89.70000000000002,53.19999999999999,32.675000000000004,4.125,Santiago
14.289617486338798,22.378415300546447,7.9030054644808745,20.099999999999998,29.652747252747254,12.48021978021978,8.084782608695651,14.826086956521742,3.0021739130434777,14.227173913043476,22.083695652173912,8.06413043478261,14.815384615384614,23.037362637362637,8.117582417582415,54,5,0,25,22,29,14.475409836065573,20.675,5.2588463997410635,12.015217391304347,264.7,248.3,44.549999999999955,32.075,-0.875,Talagante
16.161475409836065,23.19672131147541,10.500546448087432,22.816483516483512,31.234065934065935,15.586813186813188,9.795652173913044,14.992391304347825,5.938043478260871,15.67282608695652,22.69239130434783,10.357608695652173,16.43626373626374,23.963736263736266,10.17142857142857,95,9,0,1,27,34,12.696174863387979,17.949999999999996,5.651686927880841,13.020831342570467,641.9999999999999,148.9,53.49999999999995,33.8,2.925,Tiltil
16.839890710382512,22.04043715846995,12.350819672131147,22.46483516483517,29.07032967032967,17.23186813186813,11.894565217391303,15.469565217391304,8.203260869565216,16.36195652173913,21.459782608695654,12.21195652173913,16.697802197802194,22.240659340659338,11.803296703296702,37,1,20,3,25,31,9.689617486338797,13.900000000000002,4.842943503290423,10.570269947443865,645.3,100.5,51.24999999999997,31.475,3.7750000000000004,Vitacura
15.618852459016393,22.198360655737705,10.4,21.779120879120875,29.72857142857143,15.526373626373628,9.660869565217393,14.84565217391304,5.447826086956522,15.411956521739128,21.905434782608694,10.632608695652175,15.69120879120879,22.3978021978022,10.045054945054945,53,2,3,4,26,28,11.798360655737707,16.8,5.348161470147802,12.118251313903482,503.09999999999997,156.5,49.60000000000003,32.0,1.9249999999999998,Ñuñoa
