name,outcome,hospital_year_start,hospital_year_end,hospital_n_years,hospital_admissions_total,hospital_rate_crude_per_100k,hospital_rate_age_adjusted_per_100k,hospital_days_total,hospital_mean_los_days,hospital_in_hospital_deaths_total,hospital_low_count_flag,hospital_admissions_0_14,hospital_rate_0_14_per_100k,hospital_admissions_15_64,hospital_rate_15_64_per_100k,hospital_admissions_65_plus,hospital_rate_65_plus_per_100k
Alhué,all_cause,2006,2006,1,320.0,4965.8597,5290.6915,1581.0,4.9406,4.0,0,88.0,10045.6621,164.0,3340.8026,68.0,10318.6646
Buin,all_cause,2006,2006,1,6287.0,6507.3385,6638.871,31196.0,4.962,100.0,0,1786.0,9071.0549,3322.0,4817.4251,1179.0,14798.544
Calera de Tango,all_cause,2006,2006,1,1339.0,5273.3144,5349.3594,7121.0,5.3181,21.0,0,358.0,7274.9441,763.0,4170.0825,218.0,10027.5989
Cerrillos,all_cause,2006,2006,1,6885.0,8517.6663,8326.1053,39492.0,5.7359,154.0,0,1785.0,11718.75,3476.0,6214.5782,1624.0,16797.6831
Cerro Navia,all_cause,2006,2006,1,11494.0,8666.737,8518.0359,66146.0,5.7548,228.0,0,3229.0,12976.7311,6156.0,6731.2529,2109.0,12950.568
Colina,all_cause,2006,2006,1,7697.0,5264.4538,5362.4774,42726.0,5.551,128.0,0,2869.0,7968.7804,3928.0,3845.8526,900.0,11155.181
Conchalí,all_cause,2006,2006,1,13253.0,10439.132,10164.3735,105713.0,7.9765,392.0,0,3845.0,17578.7501,6113.0,6957.8975,3295.0,19130.2833
Curacaví,all_cause,2006,2006,1,2288.0,7022.9289,6920.9475,12076.0,5.278,35.0,0,490.0,7875.2813,1192.0,5249.2514,606.0,16611.8421
El Bosque,all_cause,2006,2006,1,15696.0,9658.7797,9412.346,89474.0,5.7004,378.0,0,4270.0,13652.2045,7891.0,7074.2115,3535.0,17960.5731
El Monte,all_cause,2006,2006,1,2055.0,5720.569,5693.983,13137.0,6.3927,44.0,0,568.0,7583.4446,1078.0,4319.7756,409.0,11756.2518
Estación Central,all_cause,2006,2006,1,12332.0,8386.7765,8477.3243,71504.0,5.7982,316.0,0,2992.0,13583.3296,5853.0,5424.2157,3487.0,20381.086
Huechuraba,all_cause,2006,2006,1,7972.0,8079.3749,7854.383,43705.0,5.4823,132.0,0,2832.0,12680.7863,4025.0,5991.8124,1115.0,12167.1759
Independencia,all_cause,2006,2006,1,7782.0,7760.1939,7875.4911,55430.0,7.1228,280.0,0,1942.0,12279.4815,3608.0,4906.4404,2232.0,20418.9919
Isla de Maipo,all_cause,2006,2006,1,2027.0,5596.5101,5591.5233,10518.0,5.1889,38.0,0,572.0,7968.7935,1034.0,4053.1535,421.0,11926.3456
La Cisterna,all_cause,2006,2006,1,7120.0,7900.6647,7475.7417,49726.0,6.984,210.0,0,1308.0,8541.2041,3518.0,5681.2493,2294.0,17807.7938
La Florida,all_cause,2006,2006,1,29062.0,7920.614,7802.2541,164810.0,5.671,562.0,0,6556.0,10441.9846,16081.0,6238.8218,6425.0,13854.7462
La Granja,all_cause,2006,2006,1,12296.0,10548.078,10361.1929,72281.0,5.8784,259.0,0,2983.0,13799.963,6398.0,7871.4583,2915.0,21317.8295
La Pintana,all_cause,2006,2006,1,17173.0,9683.9315,9570.2502,91002.0,5.2991,286.0,0,5358.0,13427.2253,9220.0,7580.99,2595.0,16412.6241
La Reina,all_cause,2006,2006,1,10472.0,11286.0638,10794.3222,49979.0,4.7726,169.0,0,2069.0,13539.6898,5381.0,8430.4694,3022.0,22092.2582
Lampa,all_cause,2006,2006,1,4247.0,4162.338,4240.6017,23899.0,5.6273,72.0,0,1752.0,7075.0717,1981.0,2758.8608,514.0,9403.5858
Las Condes,all_cause,2006,2006,1,33577.0,11388.2878,10771.098,148547.0,4.4241,468.0,0,5071.0,12065.4786,17669.0,8528.6622,10837.0,23746.0832
Lo Barnechea,all_cause,2006,2006,1,9592.0,9063.3356,9201.1402,36806.0,3.8372,91.0,0,2681.0,11338.5494,5616.0,7541.6969,1295.0,16770.2668
Lo Espejo,all_cause,2006,2006,1,8842.0,8949.0304,8752.6981,56333.0,6.3711,286.0,0,2472.0,13091.1402,4331.0,6332.5194,2039.0,17687.3699
Lo Prado,all_cause,2006,2006,1,8433.0,8761.6495,8577.1708,46532.0,5.5178,160.0,0,2209.0,13480.1977,4386.0,6657.8624,1838.0,13142.6528
Macul,all_cause,2006,2006,1,12004.0,10300.8564,10051.7478,69598.0,5.7979,237.0,0,3061.0,17092.9194,5582.0,6847.6514,3361.0,19644.6315
Maipú,all_cause,2006,2006,1,37394.0,7168.724,7310.8828,180199.0,4.8189,630.0,0,9736.0,10562.517,21476.0,5611.1931,6182.0,13232.8703
María Pinto,all_cause,2006,2006,1,767.0,5643.8558,5799.9182,3934.0,5.1291,20.0,0,194.0,8223.8237,383.0,3848.4727,190.0,14855.3557
Melipilla,all_cause,2006,2006,1,9778.0,7909.2755,7795.9862,47859.0,4.8946,207.0,0,2745.0,11509.434,5139.0,5976.4848,1894.0,13734.5903
Padre Hurtado,all_cause,2006,2006,1,3369.0,5326.4822,5424.5202,20571.0,6.106,44.0,0,870.0,6737.3964,1908.0,4232.2878,591.0,11246.432
Paine,all_cause,2006,2006,1,3873.0,5323.0528,5339.9416,20520.0,5.2982,55.0,0,1158.0,7895.2751,2030.0,3939.988,685.0,10429.3544
Pedro Aguirre Cerda,all_cause,2006,2006,1,9231.0,9123.8856,8776.6476,61494.0,6.6617,296.0,0,2131.0,12725.427,4425.0,6310.8804,2675.0,18691.9153
Peñaflor,all_cause,2006,2006,1,6332.0,7019.8778,7044.3795,31978.0,5.0502,96.0,0,1482.0,7945.9546,3596.0,5717.6474,1254.0,14487.061
Peñalolén,all_cause,2006,2006,1,23249.0,9622.9703,9549.6358,116270.0,5.0011,369.0,0,7513.0,16049.6465,11687.0,6859.1719,4049.0,16592.2223
Pirque,all_cause,2006,2006,1,1328.0,5007.3527,5037.5773,7293.0,5.4917,27.0,0,314.0,6010.7198,721.0,3849.2339,293.0,11418.5503
Providencia,all_cause,2006,2006,1,16522.0,11628.7418,11071.9034,93105.0,5.6352,360.0,0,2511.0,14917.1271,7881.0,7643.2194,6130.0,27694.9489
Pudahuel,all_cause,2006,2006,1,14876.0,6459.5971,6515.9211,92936.0,6.2474,208.0,0,4654.0,10201.4423,8176.0,4925.8353,2046.0,10947.0305
Puente Alto,all_cause,2006,2006,1,38828.0,6834.64,7092.7462,260351.0,6.7052,664.0,0,10708.0,9407.0105,21786.0,5271.3081,6334.0,15455.5659
Quilicura,all_cause,2006,2006,1,12734.0,6051.9937,6188.7869,61965.0,4.8661,155.0,0,4607.0,10269.0413,7075.0,4556.9897,1052.0,10222.5245
Quinta Normal,all_cause,2006,2006,1,9311.0,8462.5452,8277.1313,54736.0,5.8786,231.0,0,2045.0,11214.082,4836.0,6236.9419,2430.0,17050.2386
Recoleta,all_cause,2006,2006,1,14785.0,9366.4278,9250.4944,108371.0,7.3298,416.0,0,4378.0,16080.2174,7071.0,6368.7211,3336.0,17022.1451
Renca,all_cause,2006,2006,1,10651.0,7238.1431,7167.2057,62465.0,5.8647,214.0,0,3120.0,10276.0029,5730.0,5601.392,1801.0,12427.5462
San Bernardo,all_cause,2006,2006,1,23503.0,7800.1945,7889.0862,136312.0,5.7998,428.0,0,7062.0,11128.2698,12264.0,5760.3968,4177.0,16741.483
San Joaquín,all_cause,2006,2006,1,8364.0,8851.543,8545.7551,52350.0,6.259,271.0,0,1854.0,12425.4407,4133.0,6288.3226,2377.0,17167.413
San José de Maipo,all_cause,2006,2006,1,1422.0,7817.9119,7861.6664,9907.0,6.9669,47.0,0,325.0,10524.6114,664.0,5042.5273,433.0,22388.8314
San Miguel,all_cause,2006,2006,1,8112.0,7514.3117,7318.7428,56444.0,6.9581,251.0,0,1450.0,8492.4447,4279.0,5550.2231,2383.0,17288.1602
San Pedro,all_cause,2006,2006,1,684.0,7032.6959,6847.8371,2928.0,4.2807,20.0,0,183.0,9854.6042,349.0,5241.0272,152.0,12561.9835
San Ramón,all_cause,2006,2006,1,9371.0,11303.9807,10854.1597,52332.0,5.5845,225.0,0,2334.0,15446.724,4695.0,8425.7564,2342.0,19406.6954
Santiago,all_cause,2006,2006,1,30650.0,7577.3495,8693.8718,284594.0,9.2853,723.0,0,5550.0,11808.5106,17353.0,5287.7115,7747.0,26423.1386
Talagante,all_cause,2006,2006,1,5557.0,7485.4857,7529.5163,28364.0,5.1042,104.0,0,1541.0,10403.7267,2939.0,5589.7904,1077.0,15729.5166
Tiltil,all_cause,2006,2006,1,1417.0,7337.4068,7377.8471,8163.0,5.7608,33.0,0,467.0,12742.1555,598.0,4344.3516,352.0,18703.5069
Vitacura,all_cause,2006,2006,1,11068.0,12962.6159,11882.2137,46747.0,4.2236,146.0,0,1569.0,10591.3325,5653.0,10150.835,3846.0,25846.7742
Ñuñoa,all_cause,2006,2006,1,19446.0,9338.3981,8915.9009,110156.0,5.6647,476.0,0,3424.0,11746.1407,9221.0,6195.1183,6801.0,22487.8484
Alhué,alzheimer,2006,2006,1,0.0,0.0,0.0,0.0,,0.0,1,0.0,0.0,0.0,0.0,0.0,0.0
Buin,alzheimer,2006,2006,1,0.0,0.0,0.0,0.0,,0.0,1,0.0,0.0,0.0,0.0,0.0,0.0
Calera de Tango,alzheimer,2006,2006,1,0.0,0.0,0.0,0.0,,0.0,1,0.0,0.0,0.0,0.0,0.0,0.0
Cerrillos,alzheimer,2006,2006,1,1.0,1.2371,1.0883,13.0,13.0,0.0,1,0.0,0.0,0.0,0.0,1.0,10.3434
Cerro Navia,alzheimer,2006,2006,1,0.0,0.0,0.0,0.0,,0.0,1,0.0,0.0,0.0,0.0,0.0,0.0
Colina,alzheimer,2006,2006,1,0.0,0.0,0.0,0.0,,0.0,1,0.0,0.0,0.0,0.0,0.0,0.0
Conchalí,alzheimer,2006,2006,1,2.0,1.5754,1.2218,7.0,3.5,0.0,1,0.0,0.0,0.0,0.0,2.0,11.6117
Curacaví,alzheimer,2006,2006,1,0.0,0.0,0.0,0.0,,0.0,1,0.0,0.0,0.0,0.0,0.0,0.0
El Bosque,alzheimer,2006,2006,1,0.0,0.0,0.0,0.0,,0.0,1,0.0,0.0,0.0,0.0,0.0,0.0
El Monte,alzheimer,2006,2006,1,0.0,0.0,0.0,0.0,,0.0,1,0.0,0.0,0.0,0.0,0.0,0.0
Estación Central,alzheimer,2006,2006,1,4.0,2.7203,2.46,72.0,18.0,0.0,1,0.0,0.0,0.0,0.0,4.0,23.3795
Huechuraba,alzheimer,2006,2006,1,1.0,1.0135,1.1482,8.0,8.0,0.0,1,0.0,0.0,0.0,0.0,1.0,10.9123
Independencia,alzheimer,2006,2006,1,5.0,4.986,4.8205,71.0,14.2,0.0,1,0.0,0.0,1.0,1.3599,4.0,36.5932
Isla de Maipo,alzheimer,2006,2006,1,0.0,0.0,0.0,0.0,,0.0,1,0.0,0.0,0.0,0.0,0.0,0.0
La Cisterna,alzheimer,2006,2006,1,2.0,2.2193,1.6336,96.0,48.0,0.0,1,0.0,0.0,0.0,0.0,2.0,15.5255
La Florida,alzheimer,2006,2006,1,6.0,1.6353,1.3614,893.0,148.8333,0.0,1,0.0,0.0,0.0,0.0,6.0,12.9383
La Granja,alzheimer,2006,2006,1,4.0,3.4314,3.0779,53.0,13.25,0.0,1,0.0,0.0,0.0,0.0,4.0,29.2526
La Pintana,alzheimer,2006,2006,1,2.0,1.1278,1.331,37.0,18.5,1.0,1,0.0,0.0,0.0,0.0,2.0,12.6494
La Reina,alzheimer,2006,2006,1,4.0,4.3109,3.0768,97.0,24.25,1.0,1,0.0,0.0,0.0,0.0,4.0,29.2419
Lampa,alzheimer,2006,2006,1,0.0,0.0,0.0,0.0,,0.0,1,0.0,0.0,0.0,0.0,0.0,0.0
Las Condes,alzheimer,2006,2006,1,10.0,3.3917,2.3056,92.0,9.2,1.0,0,0.0,0.0,0.0,0.0,10.0,21.912
Lo Barnechea,alzheimer,2006,2006,1,0.0,0.0,0.0,0.0,,0.0,1,0.0,0.0,0.0,0.0,0.0,0.0
Lo Espejo,alzheimer,2006,2006,1,1.0,1.0121,0.9127,19.0,19.0,0.0,1,0.0,0.0,0.0,0.0,1.0,8.6745
Lo Prado,alzheimer,2006,2006,1,1.0,1.039,0.7524,22.0,22.0,0.0,1,0.0,0.0,0.0,0.0,1.0,7.1505
Macul,alzheimer,2006,2006,1,4.0,3.4325,2.46,53.0,13.25,0.0,1,0.0,0.0,0.0,0.0,4.0,23.3795
Maipú,alzheimer,2006,2006,1,8.0,1.5337,1.8018,141.0,17.625,1.0,1,0.0,0.0,0.0,0.0,8.0,17.1244
María Pinto,alzheimer,2006,2006,1,0.0,0.0,0.0,0.0,,0.0,1,0.0,0.0,0.0,0.0,0.0,0.0
Melipilla,alzheimer,2006,2006,1,1.0,0.8089,0.763,8.0,8.0,0.0,1,0.0,0.0,0.0,0.0,1.0,7.2516
Padre Hurtado,alzheimer,2006,2006,1,0.0,0.0,0.0,0.0,,0.0,1,0.0,0.0,0.0,0.0,0.0,0.0
Paine,alzheimer,2006,2006,1,0.0,0.0,0.0,0.0,,0.0,1,0.0,0.0,0.0,0.0,0.0,0.0
Pedro Aguirre Cerda,alzheimer,2006,2006,1,2.0,1.9768,1.4705,842.0,421.0,0.0,1,0.0,0.0,0.0,0.0,2.0,13.9753
Peñaflor,alzheimer,2006,2006,1,3.0,3.3259,3.6467,14.0,4.6667,0.0,1,0.0,0.0,0.0,0.0,3.0,34.658
Peñalolén,alzheimer,2006,2006,1,2.0,0.8278,0.8623,92.0,46.0,0.0,1,0.0,0.0,0.0,0.0,2.0,8.1957
Pirque,alzheimer,2006,2006,1,1.0,3.7706,4.1005,57.0,57.0,1.0,1,0.0,0.0,0.0,0.0,1.0,38.9712
Providencia,alzheimer,2006,2006,1,9.0,6.3345,4.2784,78.0,8.6667,0.0,1,0.0,0.0,0.0,0.0,9.0,40.6614
Pudahuel,alzheimer,2006,2006,1,1.0,0.4342,0.563,22.0,22.0,0.0,1,0.0,0.0,0.0,0.0,1.0,5.3505
Puente Alto,alzheimer,2006,2006,1,8.0,1.4082,1.9698,4581.0,572.625,1.0,1,0.0,0.0,1.0,0.242,7.0,17.0807
Quilicura,alzheimer,2006,2006,1,0.0,0.0,0.0,0.0,,0.0,1,0.0,0.0,0.0,0.0,0.0,0.0
Quinta Normal,alzheimer,2006,2006,1,1.0,0.9089,0.7383,8.0,8.0,0.0,1,0.0,0.0,0.0,0.0,1.0,7.0166
Recoleta,alzheimer,2006,2006,1,3.0,1.9005,1.6107,54.0,18.0,1.0,1,0.0,0.0,0.0,0.0,3.0,15.3077
Renca,alzheimer,2006,2006,1,2.0,1.3591,1.4521,30.0,15.0,0.0,1,0.0,0.0,0.0,0.0,2.0,13.8007
San Bernardo,alzheimer,2006,2006,1,0.0,0.0,0.0,0.0,,0.0,1,0.0,0.0,0.0,0.0,0.0,0.0
San Joaquín,alzheimer,2006,2006,1,3.0,3.1749,2.6054,42.0,14.0,0.0,1,0.0,0.0,1.0,1.5215,2.0,14.4446
San José de Maipo,alzheimer,2006,2006,1,1.0,5.4978,5.4405,103.0,103.0,0.0,1,0.0,0.0,0.0,0.0,1.0,51.7063
San Miguel,alzheimer,2006,2006,1,5.0,4.6316,3.8167,59.0,11.8,1.0,1,0.0,0.0,0.0,0.0,5.0,36.2739
San Pedro,alzheimer,2006,2006,1,0.0,0.0,0.0,0.0,,0.0,1,0.0,0.0,0.0,0.0,0.0,0.0
San Ramón,alzheimer,2006,2006,1,1.0,1.2063,0.8719,2.0,2.0,0.0,1,0.0,0.0,0.0,0.0,1.0,8.2864
Santiago,alzheimer,2006,2006,1,3.0,0.7417,1.0766,1485.0,495.0,0.0,1,0.0,0.0,0.0,0.0,3.0,10.2323
Talagante,alzheimer,2006,2006,1,0.0,0.0,0.0,0.0,,0.0,1,0.0,0.0,0.0,0.0,0.0,0.0
Tiltil,alzheimer,2006,2006,1,0.0,0.0,0.0,0.0,,0.0,1,0.0,0.0,0.0,0.0,0.0,0.0
Vitacura,alzheimer,2006,2006,1,6.0,7.0271,4.2427,43.0,7.1667,0.0,1,0.0,0.0,0.0,0.0,6.0,40.3226
Ñuñoa,alzheimer,2006,2006,1,10.0,4.8022,3.4791,140.0,14.0,0.0,0,0.0,0.0,0.0,0.0,10.0,33.0655
Alhué,anxiety_stress,2006,2006,1,0.0,0.0,0.0,0.0,,0.0,1,0.0,0.0,0.0,0.0,0.0,0.0
Buin,anxiety_stress,2006,2006,1,4.0,4.1402,4.1971,14.0,3.5,0.0,1,2.0,10.158,1.0,1.4502,1.0,12.5518
Calera de Tango,anxiety_stress,2006,2006,1,3.0,11.8147,11.6981,29.0,9.6667,0.0,1,0.0,0.0,3.0,16.3961,0.0,0.0
Cerrillos,anxiety_stress,2006,2006,1,10.0,12.3713,12.1088,62.0,6.2,0.0,0,1.0,6.5651,6.0,10.7271,3.0,31.0302
Cerro Navia,anxiety_stress,2006,2006,1,5.0,3.7701,3.5812,39.0,7.8,0.0,1,1.0,4.0188,2.0,2.1869,2.0,12.2812
Colina,anxiety_stress,2006,2006,1,7.0,4.7877,5.9061,549.0,78.4286,0.0,1,1.0,2.7775,4.0,3.9163,2.0,24.7893
Conchalí,anxiety_stress,2006,2006,1,18.0,14.1783,14.0813,216.0,12.0,0.0,0,4.0,18.2874,11.0,12.5203,3.0,17.4176
Curacaví,anxiety_stress,2006,2006,1,4.0,12.2778,12.31,21.0,5.25,0.0,1,0.0,0.0,3.0,13.2112,1.0,27.4123
El Bosque,anxiety_stress,2006,2006,1,14.0,8.6151,8.5197,112.0,8.0,0.0,0,2.0,6.3945,9.0,8.0684,3.0,15.2424
El Monte,anxiety_stress,2006,2006,1,3.0,8.3512,8.3042,17.0,5.6667,0.0,1,1.0,13.3511,1.0,4.0072,1.0,28.7439
Estación Central,anxiety_stress,2006,2006,1,37.0,25.163,24.0256,224.0,6.0541,2.0,0,1.0,4.5399,23.0,21.315,13.0,75.9834
Huechuraba,anxiety_stress,2006,2006,1,12.0,12.1616,11.7443,106.0,8.8333,0.0,0,4.0,17.9107,8.0,11.9092,0.0,0.0
Independencia,anxiety_stress,2006,2006,1,7.0,6.9804,7.3127,67.0,9.5714,0.0,1,3.0,18.9693,3.0,4.0796,1.0,9.1483
Isla de Maipo,anxiety_stress,2006,2006,1,8.0,22.0879,22.5576,53.0,6.625,0.0,1,0.0,0.0,7.0,27.4391,1.0,28.3286
La Cisterna,anxiety_stress,2006,2006,1,14.0,15.535,15.827,209.0,14.9286,0.0,0,1.0,6.53,12.0,19.3789,1.0,7.7628
La Florida,anxiety_stress,2006,2006,1,44.0,11.9918,11.7539,450.0,10.2273,0.0,0,2.0,3.1855,33.0,12.8028,9.0,19.4074
La Granja,anxiety_stress,2006,2006,1,13.0,11.152,11.2638,146.0,11.2308,0.0,0,1.0,4.6262,11.0,13.5333,1.0,7.3131
La Pintana,anxiety_stress,2006,2006,1,10.0,5.639,5.6018,94.0,9.4,0.0,0,2.0,5.012,8.0,6.5779,0.0,0.0
La Reina,anxiety_stress,2006,2006,1,20.0,21.5547,21.2365,201.0,10.05,0.0,0,4.0,26.1763,12.0,18.8005,4.0,29.2419
Lampa,anxiety_stress,2006,2006,1,8.0,7.8405,9.8116,61.0,7.625,0.0,1,0.0,0.0,6.0,8.356,2.0,36.5898
Las Condes,anxiety_stress,2006,2006,1,70.0,23.7419,22.8679,538.0,7.6857,0.0,0,8.0,19.0345,45.0,21.7211,17.0,37.2505
Lo Barnechea,anxiety_stress,2006,2006,1,15.0,14.1733,13.2239,81.0,5.4,0.0,0,6.0,25.3753,9.0,12.0861,0.0,0.0
Lo Espejo,anxiety_stress,2006,2006,1,3.0,3.0363,2.8331,34.0,11.3333,0.0,1,2.0,10.5915,0.0,0.0,1.0,8.6745
Lo Prado,anxiety_stress,2006,2006,1,5.0,5.1949,5.1079,110.0,22.0,1.0,1,1.0,6.1024,3.0,4.5539,1.0,7.1505
Macul,anxiety_stress,2006,2006,1,11.0,9.4393,9.2444,134.0,12.1818,0.0,0,1.0,5.5841,8.0,9.8139,2.0,11.6898
Maipú,anxiety_stress,2006,2006,1,59.0,11.3108,11.8879,364.0,6.1695,2.0,0,11.0,11.9338,28.0,7.3158,20.0,42.811
María Pinto,anxiety_stress,2006,2006,1,0.0,0.0,0.0,0.0,,0.0,1,0.0,0.0,0.0,0.0,0.0,0.0
Melipilla,anxiety_stress,2006,2006,1,8.0,6.4711,6.2959,114.0,14.25,0.0,1,3.0,12.5786,3.0,3.4889,2.0,14.5033
Padre Hurtado,anxiety_stress,2006,2006,1,3.0,4.7431,4.7478,30.0,10.0,0.0,1,0.0,0.0,3.0,6.6545,0.0,0.0
Paine,anxiety_stress,2006,2006,1,2.0,2.7488,2.8382,8.0,4.0,0.0,1,1.0,6.818,0.0,0.0,1.0,15.2253
Pedro Aguirre Cerda,anxiety_stress,2006,2006,1,12.0,11.8608,10.5166,148.0,12.3333,0.0,0,0.0,0.0,6.0,8.5571,6.0,41.9258
Peñaflor,anxiety_stress,2006,2006,1,8.0,8.8691,8.6696,58.0,7.25,0.0,1,3.0,16.0849,4.0,6.36,1.0,11.5527
Peñalolén,anxiety_stress,2006,2006,1,30.0,12.4173,12.3044,309.0,10.3,0.0,0,9.0,19.2263,19.0,11.1512,2.0,8.1957
Pirque,anxiety_stress,2006,2006,1,3.0,11.3118,11.0888,62.0,20.6667,0.0,1,1.0,19.1424,2.0,10.6775,0.0,0.0
Providencia,anxiety_stress,2006,2006,1,32.0,22.5227,21.9024,242.0,7.5625,0.0,0,5.0,29.7036,17.0,16.4871,10.0,45.1794
Pudahuel,anxiety_stress,2006,2006,1,14.0,6.0792,5.9206,161.0,11.5,0.0,0,3.0,6.5759,11.0,6.6272,0.0,0.0
Puente Alto,anxiety_stress,2006,2006,1,47.0,8.2731,8.4941,595.0,12.6596,0.0,0,3.0,2.6355,39.0,9.4364,5.0,12.2005
Quilicura,anxiety_stress,2006,2006,1,14.0,6.6537,7.2824,254.0,18.1429,0.0,0,5.0,11.145,7.0,4.5087,2.0,19.4345
Quinta Normal,anxiety_stress,2006,2006,1,10.0,9.0888,9.2015,84.0,8.4,0.0,0,0.0,0.0,10.0,12.8969,0.0,0.0
Recoleta,anxiety_stress,2006,2006,1,26.0,16.4712,16.4484,277.0,10.6538,0.0,0,7.0,25.7107,15.0,13.5102,4.0,20.4102
Renca,anxiety_stress,2006,2006,1,12.0,8.1549,8.1689,205.0,17.0833,0.0,0,2.0,6.5872,10.0,9.7756,0.0,0.0
San Bernardo,anxiety_stress,2006,2006,1,18.0,5.9739,5.8345,136.0,7.5556,0.0,0,4.0,6.3032,14.0,6.5758,0.0,0.0
San Joaquín,anxiety_stress,2006,2006,1,12.0,12.6995,13.4153,137.0,11.4167,0.0,0,3.0,20.1059,9.0,13.6934,0.0,0.0
San José de Maipo,anxiety_stress,2006,2006,1,1.0,5.4978,5.4182,2.0,2.0,0.0,1,0.0,0.0,1.0,7.5942,0.0,0.0
San Miguel,anxiety_stress,2006,2006,1,15.0,13.8948,13.4805,141.0,9.4,0.0,0,3.0,17.5706,7.0,9.0796,5.0,36.2739
San Pedro,anxiety_stress,2006,2006,1,2.0,20.5634,19.4101,9.0,4.5,0.0,1,0.0,0.0,1.0,15.0173,1.0,82.6446
San Ramón,anxiety_stress,2006,2006,1,5.0,6.0314,5.5045,36.0,7.2,0.0,1,1.0,6.6181,2.0,3.5892,2.0,16.5728
Santiago,anxiety_stress,2006,2006,1,85.0,21.0139,22.7434,1006.0,11.8353,2.0,0,6.0,12.766,56.0,17.064,23.0,78.4474
Talagante,anxiety_stress,2006,2006,1,8.0,10.7763,10.9495,93.0,11.625,0.0,1,2.0,13.5026,4.0,7.6077,2.0,29.2099
Tiltil,anxiety_stress,2006,2006,1,2.0,10.3563,10.3664,14.0,7.0,0.0,1,0.0,0.0,2.0,14.5296,0.0,0.0
Vitacura,anxiety_stress,2006,2006,1,27.0,31.6218,27.3021,124.0,4.5926,0.0,0,7.0,47.2526,8.0,14.3652,12.0,80.6452
Ñuñoa,anxiety_stress,2006,2006,1,27.0,12.966,12.7243,223.0,8.2593,0.0,0,4.0,13.7221,17.0,11.4214,6.0,19.8393
Alhué,cerebrovascular,2006,2006,1,5.0,77.5916,79.8323,52.0,10.4,1.0,1,0.0,0.0,0.0,0.0,5.0,758.7253
Buin,cerebrovascular,2006,2006,1,79.0,81.7687,96.0388,843.0,10.6709,13.0,0,0.0,0.0,29.0,42.0546,50.0,627.5888
Calera de Tango,cerebrovascular,2006,2006,1,9.0,35.4442,40.7374,108.0,12.0,4.0,1,0.0,0.0,3.0,16.3961,6.0,275.989
Cerrillos,cerebrovascular,2006,2006,1,109.0,134.8476,125.0957,1251.0,11.4771,11.0,0,1.0,6.5651,34.0,60.787,74.0,765.4117
Cerro Navia,cerebrovascular,2006,2006,1,145.0,109.3333,98.9955,1434.0,9.8897,22.0,0,1.0,4.0188,39.0,42.6444,105.0,644.7651
Colina,cerebrovascular,2006,2006,1,59.0,40.3537,67.0603,770.0,13.0508,8.0,0,1.0,2.7775,15.0,14.6863,43.0,532.9698
Conchalí,cerebrovascular,2006,2006,1,185.0,145.7209,122.3361,2207.0,11.9297,35.0,0,4.0,18.2874,42.0,47.805,139.0,807.0135
Curacaví,cerebrovascular,2006,2006,1,36.0,110.5006,104.865,230.0,6.3889,4.0,0,0.0,0.0,4.0,17.6149,32.0,877.193
El Bosque,cerebrovascular,2006,2006,1,218.0,134.1497,124.0433,2314.0,10.6147,38.0,0,1.0,3.1972,71.0,63.6509,146.0,741.7945
El Monte,cerebrovascular,2006,2006,1,29.0,80.7282,86.7153,269.0,9.2759,6.0,0,0.0,0.0,6.0,24.0433,23.0,661.1095
Estación Central,cerebrovascular,2006,2006,1,240.0,163.2198,150.741,2378.0,9.9083,37.0,0,4.0,18.1595,50.0,46.3371,186.0,1087.1471
Huechuraba,cerebrovascular,2006,2006,1,66.0,66.889,74.4025,724.0,10.9697,9.0,0,0.0,0.0,16.0,23.8184,50.0,545.6133
Independencia,cerebrovascular,2006,2006,1,119.0,118.6665,114.8909,1448.0,12.1681,24.0,0,1.0,6.3231,21.0,28.5574,97.0,887.3845
Isla de Maipo,cerebrovascular,2006,2006,1,26.0,71.7855,75.6689,366.0,14.0769,4.0,0,2.0,27.8629,5.0,19.5994,19.0,538.2436
La Cisterna,cerebrovascular,2006,2006,1,115.0,127.6091,104.1199,1165.0,10.1304,22.0,0,4.0,26.1199,26.0,41.9876,85.0,659.8354
La Florida,cerebrovascular,2006,2006,1,471.0,128.3673,114.4101,5561.0,11.8068,74.0,0,9.0,14.3346,140.0,54.3147,322.0,694.3546
La Granja,cerebrovascular,2006,2006,1,209.0,179.2899,166.4141,2377.0,11.3732,23.0,0,1.0,4.6262,51.0,62.7453,157.0,1148.1644
La Pintana,cerebrovascular,2006,2006,1,245.0,138.1566,156.4985,2324.0,9.4857,28.0,0,0.0,0.0,83.0,68.2454,162.0,1024.6031
La Reina,cerebrovascular,2006,2006,1,154.0,165.9715,134.1437,1883.0,12.2273,22.0,0,0.0,0.0,45.0,70.502,109.0,796.8419
Lampa,cerebrovascular,2006,2006,1,26.0,25.4817,43.5298,278.0,10.6923,8.0,0,0.0,0.0,7.0,9.7486,19.0,347.6034
Las Condes,cerebrovascular,2006,2006,1,435.0,147.5386,111.6211,5113.0,11.754,48.0,0,2.0,4.7586,96.0,46.3383,337.0,738.4359
Lo Barnechea,cerebrovascular,2006,2006,1,61.0,57.638,72.4101,690.0,11.3115,7.0,0,1.0,4.2292,25.0,33.5724,35.0,453.2505
Lo Espejo,cerebrovascular,2006,2006,1,165.0,166.9973,156.5299,1747.0,10.5879,28.0,0,4.0,21.1831,44.0,64.3341,117.0,1014.9202
Lo Prado,cerebrovascular,2006,2006,1,111.0,115.3259,95.1096,1071.0,9.6486,20.0,0,1.0,6.1024,34.0,51.6113,76.0,543.4394
Macul,cerebrovascular,2006,2006,1,168.0,144.1639,114.1259,2031.0,12.0893,28.0,0,1.0,5.5841,40.0,49.0695,127.0,742.2994
Maipú,cerebrovascular,2006,2006,1,462.0,88.569,97.4792,4204.0,9.0996,61.0,0,6.0,6.5094,165.0,43.1108,291.0,622.8996
María Pinto,cerebrovascular,2006,2006,1,11.0,80.9419,87.3205,87.0,7.9091,2.0,0,0.0,0.0,3.0,30.1447,8.0,625.4887
Melipilla,cerebrovascular,2006,2006,1,118.0,95.4484,92.0953,1068.0,9.0508,21.0,0,3.0,12.5786,31.0,36.052,84.0,609.1371
Padre Hurtado,cerebrovascular,2006,2006,1,44.0,69.5652,83.9029,423.0,9.6136,10.0,0,0.0,0.0,10.0,22.1818,34.0,647.0029
Paine,cerebrovascular,2006,2006,1,45.0,61.848,70.1346,493.0,10.9556,9.0,0,0.0,0.0,9.0,17.4679,36.0,548.1121
Pedro Aguirre Cerda,cerebrovascular,2006,2006,1,224.0,221.4008,183.1069,2733.0,12.2009,44.0,0,1.0,5.9716,64.0,91.276,159.0,1111.0335
Peñaflor,cerebrovascular,2006,2006,1,79.0,87.5822,93.1892,640.0,8.1013,12.0,0,3.0,16.0849,26.0,41.3401,50.0,577.634
Peñalolén,cerebrovascular,2006,2006,1,265.0,109.6859,113.2967,3063.0,11.5585,46.0,0,1.0,2.1363,74.0,43.4311,190.0,778.5928
Pirque,cerebrovascular,2006,2006,1,23.0,86.7237,92.8542,157.0,6.8261,4.0,0,0.0,0.0,5.0,26.6937,18.0,701.4809
Providencia,cerebrovascular,2006,2006,1,269.0,189.3313,138.3912,5045.0,18.7546,26.0,0,2.0,11.8814,43.0,41.7026,224.0,1012.0177
Pudahuel,cerebrovascular,2006,2006,1,169.0,73.3848,87.9531,1995.0,11.8047,20.0,0,0.0,0.0,54.0,32.5336,115.0,615.3023
Puente Alto,cerebrovascular,2006,2006,1,479.0,84.3153,108.7117,5632.0,11.7578,77.0,0,4.0,3.514,165.0,39.9232,310.0,756.4297
Quilicura,cerebrovascular,2006,2006,1,72.0,34.2189,56.0549,655.0,9.0972,21.0,0,2.0,4.458,29.0,18.6788,41.0,398.4064
Quinta Normal,cerebrovascular,2006,2006,1,161.0,146.329,127.0467,2447.0,15.1988,19.0,0,0.0,0.0,45.0,58.0361,116.0,813.9209
Recoleta,cerebrovascular,2006,2006,1,200.0,126.7018,113.4377,2473.0,12.365,44.0,0,6.0,22.0378,50.0,45.0341,144.0,734.7689
Renca,cerebrovascular,2006,2006,1,126.0,85.6263,89.9227,1567.0,12.4365,20.0,0,5.0,16.468,32.0,31.2818,89.0,614.1319
San Bernardo,cerebrovascular,2006,2006,1,258.0,85.6252,100.3786,2928.0,11.3488,45.0,0,4.0,6.3032,91.0,42.7427,163.0,653.3066
San Joaquín,cerebrovascular,2006,2006,1,152.0,160.8602,127.9448,1621.0,10.6645,26.0,0,3.0,20.1059,34.0,51.7307,115.0,830.5648
San José de Maipo,cerebrovascular,2006,2006,1,26.0,142.9435,141.2519,251.0,9.6538,3.0,0,0.0,0.0,9.0,68.3475,17.0,879.0072
San Miguel,cerebrovascular,2006,2006,1,144.0,133.3901,116.7287,2272.0,15.7778,21.0,0,0.0,0.0,42.0,54.4775,102.0,739.9884
San Pedro,cerebrovascular,2006,2006,1,8.0,82.2538,75.6219,65.0,8.125,1.0,1,0.0,0.0,3.0,45.0518,5.0,413.2231
San Ramón,cerebrovascular,2006,2006,1,185.0,223.1604,181.1551,1767.0,9.5514,22.0,0,2.0,13.2363,47.0,84.3473,136.0,1126.9473
Santiago,cerebrovascular,2006,2006,1,489.0,120.8915,157.5165,4509.0,9.2209,87.0,0,5.0,10.6383,128.0,39.0035,356.0,1214.2297
Talagante,cerebrovascular,2006,2006,1,73.0,98.3337,109.7107,741.0,10.1507,8.0,0,1.0,6.7513,12.0,22.8232,60.0,876.2962
Tiltil,cerebrovascular,2006,2006,1,15.0,77.6719,82.6393,137.0,9.1333,5.0,0,0.0,0.0,3.0,21.7944,12.0,637.6196
Vitacura,cerebrovascular,2006,2006,1,128.0,149.911,104.8043,1436.0,11.2188,18.0,0,1.0,6.7504,24.0,43.0957,103.0,692.2043
Ñuñoa,cerebrovascular,2006,2006,1,360.0,172.8799,134.2192,4987.0,13.8528,57.0,0,3.0,10.2916,62.0,41.6546,295.0,975.4323
Alhué,dementia,2006,2006,1,0.0,0.0,0.0,0.0,,0.0,1,0.0,0.0,0.0,0.0,0.0,0.0
Buin,dementia,2006,2006,1,2.0,2.0701,2.3553,25.0,12.5,0.0,1,0.0,0.0,1.0,1.4502,1.0,12.5518
Calera de Tango,dementia,2006,2006,1,0.0,0.0,0.0,0.0,,0.0,1,0.0,0.0,0.0,0.0,0.0,0.0
Cerrillos,dementia,2006,2006,1,3.0,3.7114,3.265,130.0,43.3333,0.0,1,0.0,0.0,0.0,0.0,3.0,31.0302
Cerro Navia,dementia,2006,2006,1,2.0,1.508,1.2922,50.0,25.0,0.0,1,0.0,0.0,0.0,0.0,2.0,12.2812
Colina,dementia,2006,2006,1,0.0,0.0,0.0,0.0,,0.0,1,0.0,0.0,0.0,0.0,0.0,0.0
Conchalí,dementia,2006,2006,1,12.0,9.4522,7.733,266.0,22.1667,1.0,0,0.0,0.0,2.0,2.2764,10.0,58.0585
Curacaví,dementia,2006,2006,1,2.0,6.1389,5.7686,11.0,5.5,0.0,1,0.0,0.0,0.0,0.0,2.0,54.8246
El Bosque,dementia,2006,2006,1,6.0,3.6922,3.2076,689.0,114.8333,1.0,1,0.0,0.0,0.0,0.0,6.0,30.4847
El Monte,dementia,2006,2006,1,1.0,2.7837,3.0244,35.0,35.0,1.0,1,0.0,0.0,0.0,0.0,1.0,28.7439
Estación Central,dementia,2006,2006,1,15.0,10.2012,9.2249,219.0,14.6,0.0,0,0.0,0.0,0.0,0.0,15.0,87.6732
Huechuraba,dementia,2006,2006,1,3.0,3.0404,3.4445,23.0,7.6667,0.0,1,0.0,0.0,0.0,0.0,3.0,32.7368
Independencia,dementia,2006,2006,1,9.0,8.9748,8.6861,107.0,11.8889,0.0,1,0.0,0.0,3.0,4.0796,6.0,54.8898
Isla de Maipo,dementia,2006,2006,1,1.0,2.761,2.9807,2.0,2.0,0.0,1,0.0,0.0,0.0,0.0,1.0,28.3286
La Cisterna,dementia,2006,2006,1,5.0,5.5482,4.084,230.0,46.0,0.0,1,0.0,0.0,0.0,0.0,5.0,38.8138
La Florida,dementia,2006,2006,1,14.0,3.8156,3.2264,1178.0,84.1429,3.0,0,0.0,0.0,1.0,0.388,13.0,28.0329
La Granja,dementia,2006,2006,1,11.0,9.4363,8.4643,341.0,31.0,0.0,0,0.0,0.0,0.0,0.0,11.0,80.4446
La Pintana,dementia,2006,2006,1,7.0,3.9473,4.5795,97.0,13.8571,1.0,1,0.0,0.0,1.0,0.8222,6.0,37.9483
La Reina,dementia,2006,2006,1,9.0,9.6996,6.9228,129.0,14.3333,1.0,1,0.0,0.0,0.0,0.0,9.0,65.7943
Lampa,dementia,2006,2006,1,0.0,0.0,0.0,0.0,,0.0,1,0.0,0.0,0.0,0.0,0.0,0.0
Las Condes,dementia,2006,2006,1,35.0,11.8709,8.1833,323.0,9.2286,1.0,0,0.0,0.0,1.0,0.4827,34.0,74.501
Lo Barnechea,dementia,2006,2006,1,0.0,0.0,0.0,0.0,,0.0,1,0.0,0.0,0.0,0.0,0.0,0.0
Lo Espejo,dementia,2006,2006,1,4.0,4.0484,3.6509,99.0,24.75,0.0,1,0.0,0.0,0.0,0.0,4.0,34.6981
Lo Prado,dementia,2006,2006,1,1.0,1.039,0.7524,22.0,22.0,0.0,1,0.0,0.0,0.0,0.0,1.0,7.1505
Macul,dementia,2006,2006,1,11.0,9.4393,6.7649,469.0,42.6364,0.0,0,0.0,0.0,0.0,0.0,11.0,64.2936
Maipú,dementia,2006,2006,1,19.0,3.6424,4.1629,340.0,17.8947,2.0,0,0.0,0.0,3.0,0.7838,16.0,34.2488
María Pinto,dementia,2006,2006,1,0.0,0.0,0.0,0.0,,0.0,1,0.0,0.0,0.0,0.0,0.0,0.0
Melipilla,dementia,2006,2006,1,1.0,0.8089,0.763,8.0,8.0,0.0,1,0.0,0.0,0.0,0.0,1.0,7.2516
Padre Hurtado,dementia,2006,2006,1,2.0,3.1621,4.0045,18.0,9.0,0.0,1,0.0,0.0,0.0,0.0,2.0,38.059
Paine,dementia,2006,2006,1,1.0,1.3744,1.602,2.0,2.0,0.0,1,0.0,0.0,0.0,0.0,1.0,15.2253
Pedro Aguirre Cerda,dementia,2006,2006,1,13.0,12.8492,9.8403,1142.0,87.8462,0.0,0,0.0,0.0,1.0,1.4262,12.0,83.8516
Peñaflor,dementia,2006,2006,1,4.0,4.4345,4.8622,22.0,5.5,0.0,1,0.0,0.0,0.0,0.0,4.0,46.2107
Peñalolén,dementia,2006,2006,1,5.0,2.0695,2.1434,233.0,46.6,0.0,1,0.0,0.0,1.0,0.5869,4.0,16.3914
Pirque,dementia,2006,2006,1,2.0,7.5412,8.201,77.0,38.5,1.0,1,0.0,0.0,0.0,0.0,2.0,77.9423
Providencia,dementia,2006,2006,1,16.0,11.2613,7.8225,137.0,8.5625,0.0,0,0.0,0.0,1.0,0.9698,15.0,67.769
Pudahuel,dementia,2006,2006,1,1.0,0.4342,0.563,22.0,22.0,0.0,1,0.0,0.0,0.0,0.0,1.0,5.3505
Puente Alto,dementia,2006,2006,1,16.0,2.8164,3.6032,4656.0,291.0,1.0,0,0.0,0.0,6.0,1.4518,10.0,24.401
Quilicura,dementia,2006,2006,1,3.0,1.4258,3.0673,52.0,17.3333,1.0,1,0.0,0.0,0.0,0.0,3.0,29.1517
Quinta Normal,dementia,2006,2006,1,7.0,6.3621,5.1679,69.0,9.8571,0.0,1,0.0,0.0,0.0,0.0,7.0,49.1159
Recoleta,dementia,2006,2006,1,13.0,8.2356,7.4024,737.0,56.6923,2.0,0,0.0,0.0,4.0,3.6027,9.0,45.9231
Renca,dementia,2006,2006,1,6.0,4.0774,4.3563,78.0,13.0,0.0,1,0.0,0.0,0.0,0.0,6.0,41.4022
San Bernardo,dementia,2006,2006,1,6.0,1.9913,2.4437,99.0,16.5,1.0,1,0.0,0.0,1.0,0.4697,5.0,20.0401
San Joaquín,dementia,2006,2006,1,5.0,5.2915,4.1252,58.0,11.6,0.0,1,0.0,0.0,1.0,1.5215,4.0,28.8892
San José de Maipo,dementia,2006,2006,1,1.0,5.4978,5.4405,103.0,103.0,0.0,1,0.0,0.0,0.0,0.0,1.0,51.7063
San Miguel,dementia,2006,2006,1,7.0,6.4842,5.3434,87.0,12.4286,1.0,1,0.0,0.0,0.0,0.0,7.0,50.7835
San Pedro,dementia,2006,2006,1,0.0,0.0,0.0,0.0,,0.0,1,0.0,0.0,0.0,0.0,0.0,0.0
San Ramón,dementia,2006,2006,1,3.0,3.6188,3.0242,55.0,18.3333,0.0,1,0.0,0.0,1.0,1.7946,2.0,16.5728
Santiago,dementia,2006,2006,1,25.0,6.1805,8.8304,16224.0,648.96,4.0,0,0.0,0.0,1.0,0.3047,24.0,81.8582
Talagante,dementia,2006,2006,1,1.0,1.347,1.5367,1.0,1.0,0.0,1,0.0,0.0,0.0,0.0,1.0,14.6049
Tiltil,dementia,2006,2006,1,1.0,5.1781,5.5908,8.0,8.0,0.0,1,0.0,0.0,0.0,0.0,1.0,53.135
Vitacura,dementia,2006,2006,1,11.0,12.883,7.7783,60.0,5.4545,0.0,0,0.0,0.0,0.0,0.0,11.0,73.9247
Ñuñoa,dementia,2006,2006,1,25.0,12.0056,8.8292,1105.0,44.2,1.0,0,0.0,0.0,1.0,0.6718,24.0,79.3572
Alhué,mental_all,2006,2006,1,3.0,46.5549,55.9298,6.0,2.0,0.0,1,2.0,228.3105,1.0,20.3707,0.0,0.0
Buin,mental_all,2006,2006,1,55.0,56.9276,57.3702,1138.0,20.6909,0.0,0,11.0,55.8688,38.0,55.106,6.0,75.3107
Calera de Tango,mental_all,2006,2006,1,24.0,94.518,92.9402,737.0,30.7083,0.0,0,3.0,60.9632,21.0,114.7729,0.0,0.0
Cerrillos,mental_all,2006,2006,1,93.0,115.0534,114.3708,3758.0,40.4086,0.0,0,17.0,111.6071,61.0,109.0591,15.0,155.151
Cerro Navia,mental_all,2006,2006,1,137.0,103.3011,103.6438,3798.0,27.7226,2.0,0,29.0,116.5454,95.0,103.8774,13.0,79.8281
Colina,mental_all,2006,2006,1,130.0,88.915,89.2021,3967.0,30.5154,2.0,0,30.0,83.3264,93.0,91.0551,7.0,86.7625
Conchalí,mental_all,2006,2006,1,371.0,292.2295,296.8098,31754.0,85.5903,3.0,0,57.0,260.5953,287.0,326.6672,27.0,156.758
Curacaví,mental_all,2006,2006,1,43.0,131.9869,131.189,416.0,9.6744,0.0,0,7.0,112.504,27.0,118.9008,9.0,246.7105
El Bosque,mental_all,2006,2006,1,205.0,126.15,126.9093,4865.0,23.7317,2.0,0,37.0,118.2978,149.0,133.5772,19.0,96.5349
El Monte,mental_all,2006,2006,1,16.0,44.5397,45.1985,308.0,19.25,1.0,0,2.0,26.7023,12.0,48.0866,2.0,57.4878
Estación Central,mental_all,2006,2006,1,212.0,144.1775,144.2717,4602.0,21.7075,2.0,0,37.0,167.9757,134.0,124.1833,41.0,239.64
Huechuraba,mental_all,2006,2006,1,226.0,229.044,220.2123,5113.0,22.6239,0.0,0,83.0,371.6473,132.0,196.5017,11.0,120.0349
Independencia,mental_all,2006,2006,1,216.0,215.3947,214.9717,8996.0,41.6481,0.0,0,32.0,202.3396,153.0,208.0614,31.0,283.5971
Isla de Maipo,mental_all,2006,2006,1,27.0,74.5465,76.799,417.0,15.4444,0.0,0,0.0,0.0,20.0,78.3976,7.0,198.3003
La Cisterna,mental_all,2006,2006,1,132.0,146.473,148.8266,9021.0,68.3409,1.0,0,24.0,156.7193,96.0,155.0312,12.0,93.1532
La Florida,mental_all,2006,2006,1,610.0,166.2506,166.7159,14168.0,23.2262,3.0,0,97.0,154.4955,447.0,173.4192,66.0,142.3211
La Granja,mental_all,2006,2006,1,187.0,160.4173,159.9906,4097.0,21.9091,0.0,0,76.0,351.5914,100.0,123.03,11.0,80.4446
La Pintana,mental_all,2006,2006,1,227.0,128.0063,122.7916,5811.0,25.5991,1.0,0,85.0,213.0112,131.0,107.7125,11.0,69.5718
La Reina,mental_all,2006,2006,1,265.0,285.6004,291.7922,4526.0,17.0792,1.0,0,32.0,209.4104,214.0,335.2761,19.0,138.899
Lampa,mental_all,2006,2006,1,86.0,84.2856,88.1636,2318.0,26.9535,0.0,0,11.0,44.4211,69.0,96.0936,6.0,109.7695
Las Condes,mental_all,2006,2006,1,917.0,311.0183,308.2109,20865.0,22.7535,1.0,0,109.0,259.3447,658.0,317.6105,150.0,328.6807
Lo Barnechea,mental_all,2006,2006,1,218.0,205.9849,205.2175,2939.0,13.4817,0.0,0,36.0,152.2521,174.0,233.6637,8.0,103.6001
Lo Espejo,mental_all,2006,2006,1,91.0,92.1015,92.76,2217.0,24.3626,0.0,0,12.0,63.5492,70.0,102.3497,9.0,78.0708
Lo Prado,mental_all,2006,2006,1,124.0,128.8325,130.679,3588.0,28.9355,1.0,0,15.0,91.536,97.0,147.2441,12.0,85.8062
Macul,mental_all,2006,2006,1,240.0,205.9485,213.1574,10947.0,45.6125,1.0,0,70.0,390.8868,145.0,177.877,25.0,146.1219
Maipú,mental_all,2006,2006,1,537.0,102.9471,103.6495,10516.0,19.5829,3.0,0,122.0,132.3569,356.0,93.0147,59.0,126.2924
María Pinto,mental_all,2006,2006,1,2.0,14.7167,14.3382,19.0,9.5,0.0,1,0.0,0.0,2.0,20.0965,0.0,0.0
Melipilla,mental_all,2006,2006,1,100.0,80.8885,80.5576,2075.0,20.75,0.0,0,29.0,121.5933,65.0,75.5928,6.0,43.5098
Padre Hurtado,mental_all,2006,2006,1,42.0,66.4032,67.0769,6116.0,145.619,0.0,0,6.0,46.4648,32.0,70.9818,4.0,76.118
Paine,mental_all,2006,2006,1,39.0,53.6016,54.1205,953.0,24.4359,0.0,0,8.0,54.5442,25.0,48.522,6.0,91.352
Pedro Aguirre Cerda,mental_all,2006,2006,1,151.0,149.2478,144.9625,3870.0,25.6291,0.0,0,14.0,83.6021,103.0,146.8973,34.0,237.5795
Peñaflor,mental_all,2006,2006,1,71.0,78.7131,79.083,964.0,13.5775,0.0,0,13.0,69.7014,50.0,79.5001,8.0,92.4214
Peñalolén,mental_all,2006,2006,1,446.0,184.6034,181.9417,9750.0,21.861,1.0,0,166.0,354.6175,248.0,145.5527,32.0,131.1314
Pirque,mental_all,2006,2006,1,28.0,105.5767,105.8825,661.0,23.6071,0.0,0,4.0,76.5697,22.0,117.4524,2.0,77.9423
Providencia,mental_all,2006,2006,1,439.0,308.983,295.8035,17532.0,39.9362,1.0,0,35.0,207.9249,305.0,295.7977,99.0,447.2757
Pudahuel,mental_all,2006,2006,1,219.0,95.0962,94.3216,21150.0,96.5753,0.0,0,60.0,131.5184,143.0,86.1539,16.0,85.6073
Puente Alto,mental_all,2006,2006,1,639.0,112.479,113.4136,61700.0,96.5571,0.0,0,70.0,61.4952,521.0,126.0604,48.0,117.1246
Quilicura,mental_all,2006,2006,1,212.0,100.7557,100.7719,5794.0,27.3302,1.0,0,31.0,69.0993,172.0,110.7848,9.0,87.4551
Quinta Normal,mental_all,2006,2006,1,206.0,187.2285,188.8109,3405.0,16.5291,0.0,0,44.0,241.281,140.0,180.5566,22.0,154.3643
Recoleta,mental_all,2006,2006,1,444.0,281.2779,282.561,25463.0,57.3491,1.0,0,54.0,198.3398,352.0,317.04,38.0,193.8973
Renca,mental_all,2006,2006,1,153.0,103.9748,105.2916,5009.0,32.7386,0.0,0,17.0,55.991,126.0,123.172,10.0,69.0036
San Bernardo,mental_all,2006,2006,1,257.0,85.2934,85.5848,12376.0,48.1556,1.0,0,53.0,83.5172,180.0,84.5459,24.0,96.1924
San Joaquín,mental_all,2006,2006,1,180.0,190.4923,198.4947,2770.0,15.3889,0.0,0,44.0,294.8864,128.0,194.7509,8.0,57.7784
San José de Maipo,mental_all,2006,2006,1,35.0,192.424,191.9481,590.0,16.8571,1.0,0,5.0,161.9171,28.0,212.6367,2.0,103.4126
San Miguel,mental_all,2006,2006,1,167.0,154.6955,152.5673,12305.0,73.6826,0.0,0,14.0,81.996,129.0,167.3239,24.0,174.1149
San Pedro,mental_all,2006,2006,1,4.0,41.1269,38.8202,14.0,3.5,0.0,1,0.0,0.0,2.0,30.0345,2.0,165.2893
San Ramón,mental_all,2006,2006,1,120.0,144.7527,147.7068,4349.0,36.2417,0.0,0,18.0,119.1264,91.0,163.3107,11.0,91.1501
Santiago,mental_all,2006,2006,1,754.0,186.4053,194.7524,118269.0,156.8554,11.0,0,89.0,189.3617,553.0,168.5071,112.0,382.0048
Talagante,mental_all,2006,2006,1,78.0,105.0689,106.5781,1259.0,16.141,0.0,0,8.0,54.0103,60.0,114.1162,10.0,146.0494
Tiltil,mental_all,2006,2006,1,37.0,191.5907,193.7519,745.0,20.1351,0.0,0,2.0,54.5703,29.0,210.6793,6.0,318.8098
Vitacura,mental_all,2006,2006,1,288.0,337.2997,342.5733,4712.0,16.3611,0.0,0,50.0,337.5186,197.0,353.7439,41.0,275.5376
Ñuñoa,mental_all,2006,2006,1,476.0,228.5857,228.1307,13476.0,28.3109,3.0,0,67.0,229.8456,336.0,225.7412,73.0,241.3782
Alhué,mood,2006,2006,1,1.0,15.5183,14.5339,4.0,4.0,0.0,1,0.0,0.0,1.0,20.3707,0.0,0.0
Buin,mood,2006,2006,1,18.0,18.6308,18.6269,333.0,18.5,0.0,0,5.0,25.3949,11.0,15.9517,2.0,25.1036
Calera de Tango,mood,2006,2006,1,7.0,27.5677,27.2956,75.0,10.7143,0.0,1,0.0,0.0,7.0,38.2576,0.0,0.0
Cerrillos,mood,2006,2006,1,33.0,40.8254,41.0725,671.0,20.3333,0.0,0,1.0,6.5651,27.0,48.272,5.0,51.717
Cerro Navia,mood,2006,2006,1,26.0,19.6046,19.5931,596.0,22.9231,1.0,0,3.0,12.0564,19.0,20.7755,4.0,24.5625
Colina,mood,2006,2006,1,27.0,18.467,19.2922,720.0,26.6667,0.0,0,4.0,11.1102,21.0,20.5608,2.0,24.7893
Conchalí,mood,2006,2006,1,69.0,54.35,55.7164,1393.0,20.1884,0.0,0,17.0,77.7214,49.0,55.7724,3.0,17.4176
Curacaví,mood,2006,2006,1,13.0,39.903,39.4481,97.0,7.4615,0.0,0,5.0,80.36,7.0,30.8261,1.0,27.4123
El Bosque,mood,2006,2006,1,63.0,38.768,39.3965,1283.0,20.3651,1.0,0,8.0,25.5779,51.0,45.721,4.0,20.3231
El Monte,mood,2006,2006,1,5.0,13.9187,13.8568,59.0,11.8,0.0,1,1.0,13.3511,4.0,16.0289,0.0,0.0
Estación Central,mood,2006,2006,1,43.0,29.2435,29.0565,1285.0,29.8837,0.0,0,5.0,22.6994,34.0,31.5092,4.0,23.3795
Huechuraba,mood,2006,2006,1,61.0,61.8216,59.7915,1497.0,24.541,0.0,0,21.0,94.0313,37.0,55.08,3.0,32.7368
Independencia,mood,2006,2006,1,51.0,50.8571,51.5276,1358.0,26.6275,0.0,0,12.0,75.8773,30.0,40.7963,9.0,82.3346
Isla de Maipo,mood,2006,2006,1,5.0,13.8049,14.7195,24.0,4.8,0.0,1,0.0,0.0,1.0,3.9199,4.0,113.3144
La Cisterna,mood,2006,2006,1,34.0,37.7279,38.6306,495.0,14.5588,0.0,0,4.0,26.1199,28.0,45.2174,2.0,15.5255
La Florida,mood,2006,2006,1,250.0,68.1355,68.3854,4547.0,18.188,0.0,0,32.0,50.9676,194.0,75.2647,24.0,51.7531
La Granja,mood,2006,2006,1,31.0,26.5932,26.8776,557.0,17.9677,0.0,0,3.0,13.8786,26.0,31.9878,2.0,14.6263
La Pintana,mood,2006,2006,1,43.0,24.2479,24.6429,1092.0,25.3953,0.0,0,5.0,12.5301,37.0,30.4226,1.0,6.3247
La Reina,mood,2006,2006,1,131.0,141.1836,146.2742,2125.0,16.2214,1.0,0,18.0,117.7933,109.0,170.7714,4.0,29.2419
Lampa,mood,2006,2006,1,11.0,10.7807,13.4624,232.0,21.0909,0.0,0,1.0,4.0383,7.0,9.7486,3.0,54.8847
Las Condes,mood,2006,2006,1,436.0,147.8778,146.5212,6067.0,13.9151,0.0,0,42.0,99.931,330.0,159.2879,64.0,140.2371
Lo Barnechea,mood,2006,2006,1,109.0,102.9925,101.6085,1027.0,9.422,0.0,0,19.0,80.3553,88.0,118.1747,2.0,25.9
Lo Espejo,mood,2006,2006,1,15.0,15.1816,15.5173,268.0,17.8667,0.0,0,0.0,0.0,14.0,20.4699,1.0,8.6745
Lo Prado,mood,2006,2006,1,14.0,14.5456,14.5245,198.0,14.1429,0.0,0,1.0,6.1024,11.0,16.6978,2.0,14.301
Macul,mood,2006,2006,1,73.0,62.6427,62.1133,1096.0,15.0137,1.0,0,6.0,33.5046,57.0,69.9241,10.0,58.4488
Maipú,mood,2006,2006,1,209.0,40.0669,39.7222,3762.0,18.0,0.0,0,25.0,27.1223,171.0,44.6784,13.0,27.8271
María Pinto,mood,2006,2006,1,1.0,7.3584,7.1691,9.0,9.0,0.0,1,0.0,0.0,1.0,10.0482,0.0,0.0
Melipilla,mood,2006,2006,1,30.0,24.2665,24.4111,467.0,15.5667,0.0,0,5.0,20.9644,23.0,26.7482,2.0,14.5033
Padre Hurtado,mood,2006,2006,1,11.0,17.3913,17.2301,225.0,20.4545,0.0,0,1.0,7.7441,10.0,22.1818,0.0,0.0
Paine,mood,2006,2006,1,14.0,19.2416,19.1581,280.0,20.0,0.0,0,3.0,20.4541,10.0,19.4088,1.0,15.2253
Pedro Aguirre Cerda,mood,2006,2006,1,57.0,56.3386,55.0899,1135.0,19.9123,0.0,0,3.0,17.9147,43.0,61.3261,11.0,76.864
Peñaflor,mood,2006,2006,1,16.0,17.7382,18.0695,130.0,8.125,0.0,0,2.0,10.7233,11.0,17.49,3.0,34.658
Peñalolén,mood,2006,2006,1,119.0,49.2552,49.4641,1737.0,14.5966,0.0,0,16.0,34.18,92.0,53.9954,11.0,45.0764
Pirque,mood,2006,2006,1,12.0,45.2472,45.3232,390.0,32.5,0.0,0,2.0,38.2848,9.0,48.0487,1.0,38.9712
Providencia,mood,2006,2006,1,199.0,140.0629,134.041,2883.0,14.4874,0.0,0,13.0,77.2293,146.0,141.595,40.0,180.7174
Pudahuel,mood,2006,2006,1,45.0,19.5403,19.8466,802.0,17.8222,0.0,0,5.0,10.9599,35.0,21.0866,5.0,26.7523
Puente Alto,mood,2006,2006,1,231.0,40.6614,40.9163,5532.0,23.9481,0.0,0,23.0,20.2056,192.0,46.456,16.0,39.0415
Quilicura,mood,2006,2006,1,68.0,32.3179,31.9869,1385.0,20.3676,0.0,0,7.0,15.6031,59.0,38.0018,2.0,19.4345
Quinta Normal,mood,2006,2006,1,29.0,26.3574,26.4352,763.0,26.3103,0.0,0,4.0,21.9346,22.0,28.3732,3.0,21.0497
Recoleta,mood,2006,2006,1,99.0,62.7174,62.9222,2981.0,30.1111,0.0,0,20.0,73.4592,68.0,61.2464,11.0,56.1282
Renca,mood,2006,2006,1,26.0,17.6689,17.9187,505.0,19.4231,0.0,0,3.0,9.8808,20.0,19.5511,3.0,20.7011
San Bernardo,mood,2006,2006,1,98.0,32.5243,32.9041,1840.0,18.7755,0.0,0,11.0,17.3338,80.0,37.576,7.0,28.0561
San Joaquín,mood,2006,2006,1,45.0,47.6231,48.3907,594.0,13.2,0.0,0,4.0,26.8079,38.0,57.8167,3.0,21.6669
San José de Maipo,mood,2006,2006,1,16.0,87.9653,87.5978,298.0,18.625,1.0,0,2.0,64.7668,14.0,106.3183,0.0,0.0
San Miguel,mood,2006,2006,1,61.0,56.5055,56.161,1355.0,22.2131,0.0,0,5.0,29.2843,50.0,64.8542,6.0,43.5287
San Pedro,mood,2006,2006,1,2.0,20.5634,19.4101,5.0,2.5,0.0,1,0.0,0.0,1.0,15.0173,1.0,82.6446
San Ramón,mood,2006,2006,1,27.0,32.5694,32.3674,625.0,23.1481,0.0,0,2.0,13.2363,20.0,35.8925,5.0,41.4319
Santiago,mood,2006,2006,1,214.0,52.9055,54.136,9729.0,45.4626,1.0,0,20.0,42.5532,164.0,49.9732,30.0,102.3227
Talagante,mood,2006,2006,1,23.0,30.9819,31.0852,365.0,15.8696,0.0,0,5.0,33.7564,15.0,28.529,3.0,43.8148
Tiltil,mood,2006,2006,1,12.0,62.1375,62.5415,180.0,15.0,0.0,0,2.0,54.5703,8.0,58.1184,2.0,106.2699
Vitacura,mood,2006,2006,1,121.0,141.7127,145.2063,1712.0,14.1488,0.0,0,21.0,141.7578,85.0,152.6306,15.0,100.8065
Ñuñoa,mood,2006,2006,1,228.0,109.4906,108.8271,3441.0,15.0921,2.0,0,29.0,99.4854,164.0,110.1832,35.0,115.7293
Alhué,parkinsonism,2006,2006,1,0.0,0.0,0.0,0.0,,0.0,1,0.0,0.0,0.0,0.0,0.0,0.0
Buin,parkinsonism,2006,2006,1,0.0,0.0,0.0,0.0,,0.0,1,0.0,0.0,0.0,0.0,0.0,0.0
Calera de Tango,parkinsonism,2006,2006,1,0.0,0.0,0.0,0.0,,0.0,1,0.0,0.0,0.0,0.0,0.0,0.0
Cerrillos,parkinsonism,2006,2006,1,0.0,0.0,0.0,0.0,,0.0,1,0.0,0.0,0.0,0.0,0.0,0.0
Cerro Navia,parkinsonism,2006,2006,1,3.0,2.2621,2.2064,16.0,5.3333,0.0,1,0.0,0.0,2.0,2.1869,1.0,6.1406
Colina,parkinsonism,2006,2006,1,1.0,0.684,1.3042,9.0,9.0,1.0,1,0.0,0.0,0.0,0.0,1.0,12.3946
Conchalí,parkinsonism,2006,2006,1,1.0,0.7877,0.6109,68.0,68.0,0.0,1,0.0,0.0,0.0,0.0,1.0,5.8059
Curacaví,parkinsonism,2006,2006,1,0.0,0.0,0.0,0.0,,0.0,1,0.0,0.0,0.0,0.0,0.0,0.0
El Bosque,parkinsonism,2006,2006,1,2.0,1.2307,1.1742,18.0,9.0,0.0,1,0.0,0.0,1.0,0.8965,1.0,5.0808
El Monte,parkinsonism,2006,2006,1,0.0,0.0,0.0,0.0,,0.0,1,0.0,0.0,0.0,0.0,0.0,0.0
Estación Central,parkinsonism,2006,2006,1,3.0,2.0402,1.845,95.0,31.6667,0.0,1,0.0,0.0,0.0,0.0,3.0,17.5346
Huechuraba,parkinsonism,2006,2006,1,1.0,1.0135,1.0621,3.0,3.0,0.0,1,0.0,0.0,1.0,1.4886,0.0,0.0
Independencia,parkinsonism,2006,2006,1,1.0,0.9972,0.9626,18.0,18.0,0.0,1,0.0,0.0,0.0,0.0,1.0,9.1483
Isla de Maipo,parkinsonism,2006,2006,1,0.0,0.0,0.0,0.0,,0.0,1,0.0,0.0,0.0,0.0,0.0,0.0
La Cisterna,parkinsonism,2006,2006,1,1.0,1.1096,1.1522,1.0,1.0,0.0,1,0.0,0.0,1.0,1.6149,0.0,0.0
La Florida,parkinsonism,2006,2006,1,8.0,2.1803,1.865,71.0,8.875,1.0,1,0.0,0.0,1.0,0.388,7.0,15.0947
La Granja,parkinsonism,2006,2006,1,3.0,2.5735,2.3084,22.0,7.3333,0.0,1,0.0,0.0,0.0,0.0,3.0,21.9394
La Pintana,parkinsonism,2006,2006,1,0.0,0.0,0.0,0.0,,0.0,1,0.0,0.0,0.0,0.0,0.0,0.0
La Reina,parkinsonism,2006,2006,1,6.0,6.4664,4.6152,123.0,20.5,0.0,1,0.0,0.0,0.0,0.0,6.0,43.8629
Lampa,parkinsonism,2006,2006,1,1.0,0.9801,0.9936,19.0,19.0,0.0,1,0.0,0.0,1.0,1.3927,0.0,0.0
Las Condes,parkinsonism,2006,2006,1,10.0,3.3917,2.5332,87.0,8.7,0.0,0,0.0,0.0,2.0,0.9654,8.0,17.5296
Lo Barnechea,parkinsonism,2006,2006,1,0.0,0.0,0.0,0.0,,0.0,1,0.0,0.0,0.0,0.0,0.0,0.0
Lo Espejo,parkinsonism,2006,2006,1,0.0,0.0,0.0,0.0,,0.0,1,0.0,0.0,0.0,0.0,0.0,0.0
Lo Prado,parkinsonism,2006,2006,1,5.0,5.1949,4.4232,46.0,9.2,0.0,1,0.0,0.0,2.0,3.036,3.0,21.4516
Macul,parkinsonism,2006,2006,1,4.0,3.4325,2.46,126.0,31.5,1.0,1,0.0,0.0,0.0,0.0,4.0,23.3795
Maipú,parkinsonism,2006,2006,1,7.0,1.342,1.5378,93.0,13.2857,0.0,1,0.0,0.0,1.0,0.2613,6.0,12.8433
María Pinto,parkinsonism,2006,2006,1,0.0,0.0,0.0,0.0,,0.0,1,0.0,0.0,0.0,0.0,0.0,0.0
Melipilla,parkinsonism,2006,2006,1,0.0,0.0,0.0,0.0,,0.0,1,0.0,0.0,0.0,0.0,0.0,0.0
Padre Hurtado,parkinsonism,2006,2006,1,0.0,0.0,0.0,0.0,,0.0,1,0.0,0.0,0.0,0.0,0.0,0.0
Paine,parkinsonism,2006,2006,1,0.0,0.0,0.0,0.0,,0.0,1,0.0,0.0,0.0,0.0,0.0,0.0
Pedro Aguirre Cerda,parkinsonism,2006,2006,1,0.0,0.0,0.0,0.0,,0.0,1,0.0,0.0,0.0,0.0,0.0,0.0
Peñaflor,parkinsonism,2006,2006,1,0.0,0.0,0.0,0.0,,0.0,1,0.0,0.0,0.0,0.0,0.0,0.0
Peñalolén,parkinsonism,2006,2006,1,3.0,1.2417,1.2562,50.0,16.6667,0.0,1,0.0,0.0,3.0,1.7607,0.0,0.0
Pirque,parkinsonism,2006,2006,1,0.0,0.0,0.0,0.0,,0.0,1,0.0,0.0,0.0,0.0,0.0,0.0
Providencia,parkinsonism,2006,2006,1,5.0,3.5192,2.5934,52.0,10.4,0.0,1,0.0,0.0,1.0,0.9698,4.0,18.0717
Pudahuel,parkinsonism,2006,2006,1,1.0,0.4342,0.3974,1.0,1.0,0.0,1,1.0,2.192,0.0,0.0,0.0,0.0
Puente Alto,parkinsonism,2006,2006,1,4.0,0.7041,0.8587,41.0,10.25,0.0,1,0.0,0.0,2.0,0.4839,2.0,4.8802
Quilicura,parkinsonism,2006,2006,1,3.0,1.4258,2.5044,47.0,15.6667,0.0,1,0.0,0.0,1.0,0.6441,2.0,19.4345
Quinta Normal,parkinsonism,2006,2006,1,1.0,0.9089,0.7383,242.0,242.0,1.0,1,0.0,0.0,0.0,0.0,1.0,7.0166
Recoleta,parkinsonism,2006,2006,1,9.0,5.7016,5.1725,210.0,23.3333,0.0,1,1.0,3.673,2.0,1.8014,6.0,30.6154
Renca,parkinsonism,2006,2006,1,2.0,1.3591,1.4521,8.0,4.0,0.0,1,0.0,0.0,0.0,0.0,2.0,13.8007
San Bernardo,parkinsonism,2006,2006,1,7.0,2.3232,2.7788,19.0,2.7143,1.0,1,0.0,0.0,2.0,0.9394,5.0,20.0401
San Joaquín,parkinsonism,2006,2006,1,1.0,1.0583,0.7599,2.0,2.0,0.0,1,0.0,0.0,0.0,0.0,1.0,7.2223
San José de Maipo,parkinsonism,2006,2006,1,0.0,0.0,0.0,0.0,,0.0,1,0.0,0.0,0.0,0.0,0.0,0.0
San Miguel,parkinsonism,2006,2006,1,4.0,3.7053,3.2155,144.0,36.0,1.0,1,0.0,0.0,1.0,1.2971,3.0,21.7644
San Pedro,parkinsonism,2006,2006,1,0.0,0.0,0.0,0.0,,0.0,1,0.0,0.0,0.0,0.0,0.0,0.0
San Ramón,parkinsonism,2006,2006,1,2.0,2.4125,1.7438,36.0,18.0,0.0,1,0.0,0.0,0.0,0.0,2.0,16.5728
Santiago,parkinsonism,2006,2006,1,8.0,1.9778,2.5881,78.0,9.75,0.0,1,0.0,0.0,2.0,0.6094,6.0,20.4645
Talagante,parkinsonism,2006,2006,1,0.0,0.0,0.0,0.0,,0.0,1,0.0,0.0,0.0,0.0,0.0,0.0
Tiltil,parkinsonism,2006,2006,1,0.0,0.0,0.0,0.0,,0.0,1,0.0,0.0,0.0,0.0,0.0,0.0
Vitacura,parkinsonism,2006,2006,1,3.0,3.5135,2.1213,11.0,3.6667,0.0,1,0.0,0.0,0.0,0.0,3.0,20.1613
Ñuñoa,parkinsonism,2006,2006,1,11.0,5.2824,3.9585,94.0,8.5455,0.0,0,0.0,0.0,1.0,0.6718,10.0,33.0655
Alhué,psychosis,2006,2006,1,0.0,0.0,0.0,0.0,,0.0,1,0.0,0.0,0.0,0.0,0.0,0.0
Buin,psychosis,2006,2006,1,11.0,11.3855,11.381,247.0,22.4545,0.0,0,0.0,0.0,11.0,15.9517,0.0,0.0
Calera de Tango,psychosis,2006,2006,1,1.0,3.9382,3.8994,27.0,27.0,0.0,1,0.0,0.0,1.0,5.4654,0.0,0.0
Cerrillos,psychosis,2006,2006,1,17.0,21.0313,20.9694,975.0,57.3529,0.0,0,4.0,26.2605,11.0,19.6664,2.0,20.6868
Cerro Navia,psychosis,2006,2006,1,56.0,42.2253,43.0593,1852.0,33.0714,0.0,0,7.0,28.1317,47.0,51.392,2.0,12.2812
Colina,psychosis,2006,2006,1,22.0,15.0472,13.4186,1101.0,50.0455,0.0,0,10.0,27.7755,12.0,11.749,0.0,0.0
Conchalí,psychosis,2006,2006,1,75.0,59.0761,60.1854,25318.0,337.5733,2.0,0,5.0,22.8592,66.0,75.1221,4.0,23.2234
Curacaví,psychosis,2006,2006,1,9.0,27.6252,27.762,167.0,18.5556,0.0,1,0.0,0.0,7.0,30.8261,2.0,54.8246
El Bosque,psychosis,2006,2006,1,24.0,14.7688,15.126,1261.0,52.5417,0.0,0,2.0,6.3945,21.0,18.8263,1.0,5.0808
El Monte,psychosis,2006,2006,1,1.0,2.7837,2.859,12.0,12.0,0.0,1,0.0,0.0,1.0,4.0072,0.0,0.0
Estación Central,psychosis,2006,2006,1,43.0,29.2435,29.3108,2062.0,47.9535,0.0,0,6.0,27.2393,35.0,32.4359,2.0,11.6898
Huechuraba,psychosis,2006,2006,1,30.0,30.4041,30.784,1895.0,63.1667,0.0,0,5.0,22.3884,23.0,34.2389,2.0,21.8245
Independencia,psychosis,2006,2006,1,53.0,52.8515,51.8896,5130.0,96.7925,0.0,0,3.0,18.9693,42.0,57.1149,8.0,73.1864
Isla de Maipo,psychosis,2006,2006,1,11.0,30.3708,30.9477,316.0,28.7273,0.0,0,0.0,0.0,10.0,39.1988,1.0,28.3286
La Cisterna,psychosis,2006,2006,1,20.0,22.1929,22.8037,6954.0,347.7,0.0,0,3.0,19.5899,16.0,25.8385,1.0,7.7628
La Florida,psychosis,2006,2006,1,71.0,19.3505,19.2136,4459.0,62.8028,0.0,0,5.0,7.9637,56.0,21.7259,10.0,21.5638
La Granja,psychosis,2006,2006,1,19.0,16.2991,16.5998,945.0,49.7368,0.0,0,2.0,9.2524,17.0,20.9151,0.0,0.0
La Pintana,psychosis,2006,2006,1,42.0,23.684,24.1885,2945.0,70.119,0.0,0,4.0,10.0241,37.0,30.4226,1.0,6.3247
La Reina,psychosis,2006,2006,1,27.0,29.0989,29.6895,1051.0,38.9259,0.0,0,3.0,19.6322,22.0,34.4676,2.0,14.621
Lampa,psychosis,2006,2006,1,25.0,24.5016,24.2033,1184.0,47.36,0.0,0,6.0,24.2297,18.0,25.0679,1.0,18.2949
Las Condes,psychosis,2006,2006,1,89.0,30.1861,30.0072,9169.0,103.0225,0.0,0,7.0,16.6552,71.0,34.271,11.0,24.1032
Lo Barnechea,psychosis,2006,2006,1,12.0,11.3386,11.4973,234.0,19.5,0.0,0,0.0,0.0,12.0,16.1147,0.0,0.0
Lo Espejo,psychosis,2006,2006,1,22.0,22.2663,22.9501,986.0,44.8182,0.0,0,0.0,0.0,22.0,32.167,0.0,0.0
Lo Prado,psychosis,2006,2006,1,64.0,66.4942,68.439,2361.0,36.8906,0.0,0,5.0,30.512,56.0,85.0069,3.0,21.4516
Macul,psychosis,2006,2006,1,46.0,39.4735,39.9061,8400.0,182.6087,0.0,0,5.0,27.9205,37.0,45.3893,4.0,23.3795
Maipú,psychosis,2006,2006,1,80.0,15.3366,15.1427,3543.0,44.2875,0.0,0,11.0,11.9338,66.0,17.2443,3.0,6.4216
María Pinto,psychosis,2006,2006,1,1.0,7.3584,7.1691,10.0,10.0,0.0,1,0.0,0.0,1.0,10.0482,0.0,0.0
Melipilla,psychosis,2006,2006,1,43.0,34.782,34.7084,1325.0,30.814,0.0,0,13.0,54.5073,29.0,33.726,1.0,7.2516
Padre Hurtado,psychosis,2006,2006,1,11.0,17.3913,18.0694,5713.0,519.3636,0.0,0,1.0,7.7441,8.0,17.7454,2.0,38.059
Paine,psychosis,2006,2006,1,5.0,6.872,6.7752,174.0,34.8,0.0,1,1.0,6.818,4.0,7.7635,0.0,0.0
Pedro Aguirre Cerda,psychosis,2006,2006,1,23.0,22.7331,22.9691,867.0,37.6957,0.0,0,2.0,11.9432,19.0,27.0976,2.0,13.9753
Peñaflor,psychosis,2006,2006,1,23.0,25.4986,25.1179,409.0,17.7826,0.0,0,6.0,32.1699,17.0,27.03,0.0,0.0
Peñalolén,psychosis,2006,2006,1,56.0,23.1789,23.3296,5614.0,100.25,0.0,0,5.0,10.6813,48.0,28.1715,3.0,12.2936
Pirque,psychosis,2006,2006,1,2.0,7.5412,7.618,45.0,22.5,0.0,1,0.0,0.0,2.0,10.6775,0.0,0.0
Providencia,psychosis,2006,2006,1,69.0,48.5645,44.6161,12112.0,175.5362,1.0,0,2.0,11.8814,49.0,47.5216,18.0,81.3229
Pudahuel,psychosis,2006,2006,1,72.0,31.2645,30.8945,14208.0,197.3333,0.0,0,14.0,30.6876,55.0,33.1361,3.0,16.0514
Puente Alto,psychosis,2006,2006,1,95.0,16.7222,17.0675,23498.0,247.3474,0.0,0,13.0,11.4205,72.0,17.421,10.0,24.401
Quilicura,psychosis,2006,2006,1,43.0,20.4363,19.9909,2410.0,56.0465,0.0,0,6.0,13.374,36.0,23.1875,1.0,9.7172
Quinta Normal,psychosis,2006,2006,1,99.0,89.9787,91.5533,1663.0,16.798,0.0,0,16.0,87.7385,79.0,101.8855,4.0,28.0662
Recoleta,psychosis,2006,2006,1,94.0,59.5498,59.735,16090.0,171.1702,0.0,0,3.0,11.0189,84.0,75.6573,7.0,35.7179
Renca,psychosis,2006,2006,1,72.0,48.9293,49.8155,3866.0,53.6944,0.0,0,4.0,13.1744,68.0,66.4738,0.0,0.0
San Bernardo,psychosis,2006,2006,1,30.0,9.9564,10.1157,1579.0,52.6333,0.0,0,4.0,6.3032,23.0,10.8031,3.0,12.024
San Joaquín,psychosis,2006,2006,1,26.0,27.5156,28.4831,1011.0,38.8846,0.0,0,2.0,13.4039,24.0,36.5158,0.0,0.0
San José de Maipo,psychosis,2006,2006,1,2.0,10.9957,10.8364,64.0,32.0,0.0,1,0.0,0.0,2.0,15.1883,0.0,0.0
San Miguel,psychosis,2006,2006,1,27.0,25.0107,24.6623,1707.0,63.2222,0.0,0,0.0,0.0,25.0,32.4271,2.0,14.5096
San Pedro,psychosis,2006,2006,1,0.0,0.0,0.0,0.0,,0.0,1,0.0,0.0,0.0,0.0,0.0,0.0
San Ramón,psychosis,2006,2006,1,13.0,15.6815,16.4844,500.0,38.4615,0.0,0,2.0,13.2363,11.0,19.7409,0.0,0.0
Santiago,psychosis,2006,2006,1,161.0,39.8027,40.0133,82909.0,514.9627,3.0,0,18.0,38.2979,129.0,39.3082,14.0,47.7506
Talagante,psychosis,2006,2006,1,30.0,40.4111,41.1154,691.0,23.0333,0.0,0,1.0,6.7513,26.0,49.4503,3.0,43.8148
Tiltil,psychosis,2006,2006,1,7.0,36.2469,36.69,410.0,58.5714,0.0,1,0.0,0.0,6.0,43.5888,1.0,53.135
Vitacura,psychosis,2006,2006,1,21.0,24.5948,25.6415,1239.0,59.0,0.0,0,2.0,13.5007,17.0,30.5261,2.0,13.4409
Ñuñoa,psychosis,2006,2006,1,70.0,33.6155,33.4787,6704.0,95.7714,0.0,0,5.0,17.1527,59.0,39.6391,6.0,19.8393
Alhué,substance,2006,2006,1,0.0,0.0,0.0,0.0,,0.0,1,0.0,0.0,0.0,0.0,0.0,0.0
Buin,substance,2006,2006,1,13.0,13.4556,13.6226,188.0,14.4615,0.0,0,1.0,5.079,11.0,15.9517,1.0,12.5518
Calera de Tango,substance,2006,2006,1,9.0,35.4442,35.0943,573.0,63.6667,0.0,1,0.0,0.0,9.0,49.1884,0.0,0.0
Cerrillos,substance,2006,2006,1,12.0,14.8456,15.0344,354.0,29.5,0.0,0,1.0,6.5651,10.0,17.8785,1.0,10.3434
Cerro Navia,substance,2006,2006,1,32.0,24.1287,23.9961,799.0,24.9688,1.0,0,11.0,44.2069,18.0,19.682,3.0,18.4219
Colina,substance,2006,2006,1,35.0,23.9387,23.6902,550.0,15.7143,1.0,0,7.0,19.4428,27.0,26.4353,1.0,12.3946
Conchalí,substance,2006,2006,1,122.0,96.097,98.0012,2518.0,20.6393,0.0,0,8.0,36.5748,108.0,122.927,6.0,34.8351
Curacaví,substance,2006,2006,1,8.0,24.5557,24.6201,30.0,3.75,0.0,1,0.0,0.0,6.0,26.4224,2.0,54.8246
El Bosque,substance,2006,2006,1,62.0,38.1527,39.3264,1205.0,19.4355,0.0,0,2.0,6.3945,58.0,51.9965,2.0,10.1616
El Monte,substance,2006,2006,1,4.0,11.1349,11.4361,148.0,37.0,0.0,1,0.0,0.0,4.0,16.0289,0.0,0.0
Estación Central,substance,2006,2006,1,29.0,19.7224,19.1057,354.0,12.2069,0.0,0,1.0,4.5399,23.0,21.315,5.0,29.2244
Huechuraba,substance,2006,2006,1,46.0,46.6196,47.6135,702.0,15.2609,0.0,0,6.0,26.8661,37.0,55.08,3.0,32.7368
Independencia,substance,2006,2006,1,58.0,57.8375,57.1085,1135.0,19.569,0.0,0,5.0,31.6156,47.0,63.9143,6.0,54.8898
Isla de Maipo,substance,2006,2006,1,1.0,2.761,2.7967,14.0,14.0,0.0,1,0.0,0.0,1.0,3.9199,0.0,0.0
La Cisterna,substance,2006,2006,1,30.0,33.2893,33.9583,646.0,21.5333,1.0,0,2.0,13.0599,26.0,41.9876,2.0,15.5255
La Florida,substance,2006,2006,1,140.0,38.1559,38.6201,2907.0,20.7643,0.0,0,14.0,22.2983,120.0,46.5555,6.0,12.9383
La Granja,substance,2006,2006,1,38.0,32.5982,33.2386,868.0,22.8421,0.0,0,3.0,13.8786,35.0,43.0605,0.0,0.0
La Pintana,substance,2006,2006,1,47.0,26.5035,27.226,823.0,17.5106,0.0,0,5.0,12.5301,38.0,31.2449,4.0,25.2988
La Reina,substance,2006,2006,1,39.0,42.0318,43.2455,574.0,14.7179,0.0,0,0.0,0.0,38.0,59.535,1.0,7.3105
Lampa,substance,2006,2006,1,25.0,24.5016,24.579,490.0,19.6,0.0,0,1.0,4.0383,24.0,33.4239,0.0,0.0
Las Condes,substance,2006,2006,1,136.0,46.127,47.0032,1992.0,14.6471,0.0,0,15.0,35.6896,111.0,53.5787,10.0,21.912
Lo Barnechea,substance,2006,2006,1,44.0,41.5749,42.5833,1162.0,26.4091,0.0,0,2.0,8.4584,40.0,53.7158,2.0,25.9
Lo Espejo,substance,2006,2006,1,35.0,35.4237,35.8002,577.0,16.4857,0.0,0,7.0,37.0704,27.0,39.4777,1.0,8.6745
Lo Prado,substance,2006,2006,1,21.0,21.8184,21.8219,430.0,20.4762,0.0,0,3.0,18.3072,15.0,22.7697,3.0,21.4516
Macul,substance,2006,2006,1,28.0,24.0273,24.6581,517.0,18.4643,0.0,0,3.0,16.7523,24.0,29.4417,1.0,5.8449
Maipú,substance,2006,2006,1,53.0,10.1605,10.2498,993.0,18.7358,0.0,0,2.0,2.1698,42.0,10.9737,9.0,19.2649
María Pinto,substance,2006,2006,1,0.0,0.0,0.0,0.0,,0.0,1,0.0,0.0,0.0,0.0,0.0,0.0
Melipilla,substance,2006,2006,1,9.0,7.28,7.2591,62.0,6.8889,0.0,1,3.0,12.5786,6.0,6.9778,0.0,0.0
Padre Hurtado,substance,2006,2006,1,7.0,11.0672,11.0782,78.0,11.1429,0.0,1,0.0,0.0,7.0,15.5273,0.0,0.0
Paine,substance,2006,2006,1,8.0,10.9952,10.9295,108.0,13.5,0.0,1,1.0,6.818,7.0,13.5862,0.0,0.0
Pedro Aguirre Cerda,substance,2006,2006,1,29.0,28.6635,29.7042,676.0,23.3103,0.0,0,3.0,17.9147,26.0,37.0809,0.0,0.0
Peñaflor,substance,2006,2006,1,10.0,11.0864,11.4253,73.0,7.3,0.0,0,0.0,0.0,9.0,14.31,1.0,11.5527
Peñalolén,substance,2006,2006,1,52.0,21.5233,21.6422,611.0,11.75,1.0,0,5.0,10.6813,45.0,26.4108,2.0,8.1957
Pirque,substance,2006,2006,1,10.0,37.706,37.7519,144.0,14.4,0.0,0,1.0,19.1424,9.0,48.0487,0.0,0.0
Providencia,substance,2006,2006,1,57.0,40.1185,38.1412,1004.0,17.614,0.0,0,0.0,0.0,51.0,49.4613,6.0,27.1076
Pudahuel,substance,2006,2006,1,26.0,11.29,11.0788,477.0,18.3462,0.0,0,3.0,6.5759,23.0,13.8569,0.0,0.0
Puente Alto,substance,2006,2006,1,172.0,30.276,30.3692,3509.0,20.4012,0.0,0,6.0,5.271,157.0,37.9875,9.0,21.9609
Quilicura,substance,2006,2006,1,43.0,20.4363,20.1016,868.0,20.186,0.0,0,4.0,8.916,38.0,24.4757,1.0,9.7172
Quinta Normal,substance,2006,2006,1,25.0,22.7219,22.6064,407.0,16.28,0.0,0,2.0,10.9673,20.0,25.7938,3.0,21.0497
Recoleta,substance,2006,2006,1,129.0,81.7226,82.5778,2496.0,19.3488,0.0,0,9.0,33.0566,115.0,103.5784,5.0,25.5128
Renca,substance,2006,2006,1,16.0,10.8732,11.0876,257.0,16.0625,0.0,0,1.0,3.2936,14.0,13.6858,1.0,6.9004
San Bernardo,substance,2006,2006,1,49.0,16.2622,16.2358,1348.0,27.5102,0.0,0,9.0,14.1822,37.0,17.3789,3.0,12.024
San Joaquín,substance,2006,2006,1,37.0,39.1568,40.228,623.0,16.8378,0.0,0,3.0,20.1059,33.0,50.2092,1.0,7.2223
San José de Maipo,substance,2006,2006,1,13.0,71.4718,70.9121,216.0,16.6154,0.0,0,1.0,32.3834,11.0,83.5358,1.0,51.7063
San Miguel,substance,2006,2006,1,41.0,37.9791,37.5416,733.0,17.878,0.0,0,3.0,17.5706,33.0,42.8038,5.0,36.2739
San Pedro,substance,2006,2006,1,0.0,0.0,0.0,0.0,,0.0,1,0.0,0.0,0.0,0.0,0.0,0.0
San Ramón,substance,2006,2006,1,50.0,60.3136,63.5313,1810.0,36.2,0.0,0,1.0,6.6181,48.0,86.1419,1.0,8.2864
Santiago,substance,2006,2006,1,136.0,33.6222,32.0457,2853.0,20.9779,0.0,0,8.0,17.0213,120.0,36.5657,8.0,27.2861
Talagante,substance,2006,2006,1,5.0,6.7352,6.7848,63.0,12.6,0.0,1,0.0,0.0,5.0,9.5097,0.0,0.0
Tiltil,substance,2006,2006,1,11.0,56.9594,57.4228,84.0,7.6364,0.0,0,0.0,0.0,10.0,72.648,1.0,53.135
Vitacura,substance,2006,2006,1,53.0,62.0725,64.8015,1043.0,19.6792,0.0,0,4.0,27.0015,44.0,79.0088,5.0,33.6022
Ñuñoa,substance,2006,2006,1,68.0,32.6551,32.9143,1221.0,17.9559,0.0,0,5.0,17.1527,60.0,40.3109,3.0,9.9197
