name,area_km2,poblacion,pobreza_pct,ingreso,escolaridad,nse_index,pm25_mean,no2_mean,n_grid,pm25_who_ratio,no2_who_ratio,no2_column_mol_m2,blh_mean,aod_470,no2_surface_ug_m3,green_km2,green_pct,n_green,health_n_total,health_n_hospital,health_n_clinic,health_n_primary_care,health_n_pharmacy,health_n_laboratory,health_n_dental,health_n_mental_health,health_density_per_km2,health_n_access_grid,mean_nearest_health_m,median_nearest_health_m,p90_nearest_health_m,mean_nearest_hospital_m,median_nearest_hospital_m,p90_nearest_hospital_m,mean_nearest_primary_care_m,median_nearest_primary_care_m,p90_nearest_primary_care_m,mean_nearest_health_network_m,median_nearest_health_network_m,p90_nearest_health_network_m,mean_nearest_hospital_network_m,median_nearest_hospital_network_m,p90_nearest_hospital_network_m,mean_nearest_primary_care_network_m,median_nearest_primary_care_network_m,p90_nearest_primary_care_network_m,tmean_annual_c,tmax_mean_annual_c,summer_tmax_mean_c,tmax_p95_c,tmax_abs_c,apparent_tmax_mean_c,hot_days_30c,hot_days_35c,apparent_hot_days_35c,tropical_nights_20c,precip_annual_mm,heat_exposure_index,urban_heat_anomaly_c,climate_n_area_grid_points,climate_nearest_point_m,climate_used_nearest_fallback,climate_n_days,om_tmean_annual_c,om_tmax_mean_annual_c,om_tmin_mean_annual_c,om_tmean_summer_c,om_tmax_mean_summer_c,om_tmin_mean_summer_c,om_tmean_winter_c,om_tmax_mean_winter_c,om_tmin_mean_winter_c,om_hot_days_30c,om_hot_days_35c,om_tropical_nights_20c,om_frost_days,om_heat_wave_days,om_cold_spell_days,om_dtr_mean_c,om_dtr_p95_c,om_temp_monthly_sd,om_seasonal_amplitude_c,om_cdd_18,om_hdd_10,om_ehdd,om_tmax_p95_c,om_tmin_p05_c
Alhué,843.72,7691,29.11,150000.0,9.91530486733436,-1.178,10.18,11.05,9,2.04,1.11,2e-05,339.5,0.0977,2.77,0.016,0.0,4,9,0,0,6,2,0,0,0,0.0107,842,6631,5980,12478,39769,39223,50131,6865,6202,12721,424,183,1090,39769,39223,50131,487,183,1218,15.25,21.7,29.39,32.04,36.98,21.08,44.25,5.75,4.5,0.75,599.92,-0.14,-0.63,9,0.0,False,366.0,17.277322404371585,22.982513661202187,12.255737704918031,23.07142857142857,30.24615384615385,17.002197802197802,12.009782608695652,16.391304347826086,7.964130434782608,69,8,8,0,24,29,10.726775956284152,15.8,4.90997206278601,11.061645962732912,702.5,37.8,54.59999999999994,32.724999999999994,4.6499999999999995
Buin,217.49,114827,19.12,165000.0,12.41277612636229,-0.152,28.77,42.63,2,5.75,4.26,5.8e-05,318.5,0.1296,8.4,0.72,0.33,159,33,1,2,13,7,0,1,0,0.1517,216,2227,2107,3893,6728,6560,10933,2256,2123,3893,32,32,58,6728,6560,10933,32,32,58,14.73,22.21,30.24,32.71,37.6,21.49,62.0,5.5,6.0,0.5,638.55,0.3,0.21,2,0.0,False,366.0,14.154918032786885,21.873497267759564,8.072950819672132,19.930769230769233,30.08901098901099,11.820879120879123,8.389130434782608,13.794565217391304,4.109782608695652,62,6,0,9,25,33,13.800546448087433,20.549999999999997,5.027352089302679,11.541638795986623,251.4,230.4,45.40000000000005,32.475,1.5
Calera de Tango,73.05,29640,18.58,233935.0,10.24268203085722,-0.427,28.77,42.63,1,5.75,4.26,7.7e-05,313.0,0.1215,11.34,0.044,0.06,32,10,0,2,4,4,0,0,0,0.1369,73,1756,1653,3211,7893,7944,9749,2046,1933,3244,1756,1653,3211,7893,7944,9749,2046,1933,3244,14.61,22.0,29.44,32.0,36.3,21.07,50.0,3.0,3.0,0.0,649.4,-0.24,-0.59,1,0.0,False,366.0,13.968579234972678,21.6792349726776,7.833060109289619,20.115384615384617,29.16263736263736,12.627472527472523,7.598913043478261,14.033695652173911,2.928260869565218,39,3,0,30,22,29,13.846174863387978,19.6,5.489959885008538,12.516471571906354,276.19999999999993,308.09999999999997,49.050000000000026,31.8,-0.975
Cerrillos,16.92,89907,22.55,215448.0,11.70724889833302,-0.372,28.77,42.63,1,5.75,4.26,0.000165,313.0,0.1426,24.25,1.042,6.16,124,21,1,0,6,10,0,1,1,1.2412,17,527,472,856,2332,2480,3376,1021,1112,1599,527,472,856,2332,2480,3376,1021,1112,1599,16.11,23.23,31.09,33.72,37.8,22.25,91.0,8.0,8.0,2.0,721.8,1.04,1.07,1,0.0,False,366.0,16.10928961748634,23.233606557377048,10.51448087431694,22.468131868131863,31.09010989010989,15.386813186813187,9.865217391304348,15.244565217391305,5.7760869565217385,91,8,2,2,22,32,12.719125683060112,18.175000000000004,5.50820928258254,12.602914476827516,594.5,114.6,45.10000000000001,33.724999999999994,2.7
Cerro Navia,11.14,141122,23.02,210000.0,10.47138132790637,-0.65,15.9,17.46,0,3.18,1.75,0.000155,313.0,0.1446,22.82,0.841,7.55,159,38,1,3,9,18,0,6,1,3.4108,8,210,105,439,1432,1314,2407,484,427,861,56,56,56,1432,1314,2407,484,427,861,15.92,23.38,31.1,33.4,37.5,22.44,90.0,9.0,7.0,0.0,672.6,0.79,1.08,0,0.0,True,366.0,15.91639344262295,23.37923497267759,10.031967213114754,22.34175824175824,31.0989010989011,14.824175824175828,9.70108695652174,15.458695652173914,5.615217391304347,90,9,0,3,26,30,13.347267759562843,18.799999999999997,5.468709850293162,12.640671285236502,554.6999999999999,120.6,51.749999999999986,33.4,3.125
Colina,971.57,191338,24.58,216667.0,11.5587453849072,-0.502,10.34,7.7,11,2.07,0.77,6.9e-05,388.3,0.1231,8.17,1.25,0.13,204,54,2,2,14,24,0,5,1,0.0556,962,7870,5856,17631,14647,14032,24990,8109,6123,17631,105,61,246,14647,14032,24990,61,61,110,16.68,23.68,31.74,34.21,37.38,22.19,103.75,12.5,6.0,1.75,498.52,1.16,1.72,11,0.0,False,366.0,13.538524590163936,18.45191256830601,9.40327868852459,18.81208791208791,25.49010989010989,13.709890109890106,8.759782608695652,11.690217391304348,5.517391304347826,4,0,1,10,26,35,9.048633879781422,13.7,4.5442833968072955,10.05230530339226,171.4,325.1,48.1,28.1,1.625
Conchalí,10.98,138230,18.72,208817.0,11.42177599129404,-0.247,15.9,17.46,0,3.18,1.75,0.000216,358.9,0.1431,27.72,0.276,2.51,93,32,0,0,10,13,0,6,1,2.9139,12,385,353,728,4111,4187,5381,533,510,761,30,30,53,4111,4187,5381,2,2,2,16.06,22.69,30.43,32.68,36.2,21.48,71.0,4.0,1.0,0.0,434.7,0.03,0.4,0,0.0,True,366.0,16.061475409836067,22.694535519125687,10.713934426229509,22.08021978021978,30.42527472527472,15.012087912087914,10.4,14.906521739130437,6.829347826086957,71,4,0,0,27,24,11.980601092896176,17.275000000000006,5.092516384808906,11.68021978021978,536.6,100.7,53.24999999999994,32.675000000000004,4.4
Curacaví,693.8,37653,25.84,203945.0,10.91139198513803,-0.717,14.16,15.93,8,2.83,1.59,3.7e-05,320.7,0.1067,5.32,0.077,0.01,17,8,1,0,4,3,0,0,0,0.0115,693,8463,8086,14989,12127,12727,18639,8573,8105,15144,767,767,773,12127,12727,18639,767,767,773,15.71,22.48,29.65,31.88,37.17,22.1,55.33,5.33,5.33,1.33,484.63,0.06,-0.37,8,0.0,False,366.0,15.12650273224044,21.495628415300544,9.759016393442623,20.440659340659337,28.730769230769237,13.884615384615383,9.840217391304348,14.153260869565216,5.674999999999999,33,2,1,1,27,24,11.736612021857924,16.875,4.642467931688412,10.60044194935499,331.5,118.2,48.40000000000002,31.05,2.7
El Bosque,14.26,170902,17.48,200000.0,11.40437197945492,-0.204,28.77,42.63,0,5.75,4.26,0.000152,313.0,0.1451,22.35,0.299,2.09,95,48,0,1,13,26,0,5,1,3.3667,14,349,388,531,2470,2238,3709,631,559,1001,349,388,531,2470,2238,3709,631,559,1001,15.14,22.38,30.29,32.78,36.8,21.46,71.0,5.0,5.0,0.0,708.2,0.29,0.26,0,0.0,True,366.0,15.135245901639344,22.37896174863388,9.35792349726776,21.634065934065937,30.285714285714285,14.553846153846155,8.804347826086957,14.509782608695652,4.470652173913045,71,5,0,12,24,24,13.02103825136612,18.875,5.618395525462907,12.829718107978977,464.7,198.1,45.55000000000004,32.775,1.025
El Monte,115.33,41392,22.96,203917.0,10.75927400095544,-0.601,11.08,14.56,1,2.22,1.46,5.4e-05,316.1,0.1166,7.86,0.089,0.08,44,5,0,1,3,1,0,0,0,0.0434,114,3895,4040,6233,9250,9649,12056,3934,4040,6260,3895,4040,6233,9250,9649,12056,3934,4040,6260,14.96,22.25,28.96,31.6,38.1,21.49,44.0,6.0,4.0,0.0,551.9,-0.35,-1.06,1,0.0,False,366.0,14.260109289617487,21.7672131147541,8.516666666666666,19.64835164835165,28.64285714285714,12.891208791208792,8.568478260869565,14.41521739130435,4.2076086956521745,35,5,0,8,19,30,13.250546448087428,19.0,4.885474164349613,11.079873387482085,232.3,205.2,50.649999999999984,31.1,0.725
Estación Central,14.29,218525,22.81,326521.0,12.15677970938385,-0.093,28.77,42.63,0,5.75,4.26,0.000184,313.0,0.1504,26.98,0.423,2.96,81,49,1,6,7,23,0,5,1,3.4299,15,323,345,477,1464,1385,2144,719,677,1074,323,345,477,1464,1385,2144,719,677,1074,16.11,23.23,31.09,33.72,37.8,22.25,91.0,8.0,8.0,2.0,721.8,1.04,1.07,0,0.0,True,366.0,16.10928961748634,23.233606557377048,10.51448087431694,22.468131868131863,31.09010989010989,15.386813186813187,9.865217391304348,15.244565217391305,5.7760869565217385,91,8,2,2,22,32,12.719125683060112,18.175000000000004,5.50820928258254,12.602914476827516,594.5,114.6,45.10000000000001,33.724999999999994,2.7
Huechuraba,44.96,116377,18.64,200000.0,12.27306435463804,-0.091,7.8,2.96,0,1.56,0.3,0.000195,357.2,0.1431,25.15,0.855,1.9,90,38,0,2,7,20,0,5,1,0.8452,44,1339,1027,2800,6355,6485,8344,1726,1589,3159,1339,1027,2800,6355,6485,8344,1726,1589,3159,15.35,21.97,29.7,31.98,35.5,20.6,49.0,2.0,0.0,0.0,434.7,-0.42,-0.32,0,0.0,True,366.0,16.061475409836067,22.694535519125687,10.713934426229509,22.08021978021978,30.42527472527472,15.012087912087914,10.4,14.906521739130437,6.829347826086957,71,4,0,0,27,24,11.980601092896176,17.275000000000006,5.092516384808906,11.68021978021978,536.6,100.7,53.24999999999994,32.675000000000004,4.4
Independencia,7.28,150807,22.42,400000.0,13.22688971703708,0.273,15.9,17.46,0,3.18,1.75,0.000225,358.9,0.1497,28.89,0.126,1.73,39,46,6,6,6,11,0,7,1,6.3153,6,245,188,407,1291,1397,1820,550,473,934,245,188,407,1291,1397,1820,550,473,934,16.17,22.75,30.4,32.68,36.7,21.72,68.0,3.0,1.0,3.0,446.1,0.2,0.37,0,0.0,True,366.0,16.1724043715847,22.754644808743173,11.006557377049178,22.03076923076923,30.397802197802196,15.33076923076923,10.71195652173913,15.108695652173916,6.985869565217392,68,3,3,1,26,28,11.748087431693987,17.0,4.977032964093704,11.318812709030103,536.6,89.70000000000002,53.19999999999999,32.675000000000004,4.125
Isla de Maipo,187.55,41550,22.88,210000.0,10.07175024342761,-0.722,28.77,42.63,2,5.75,4.26,4.7e-05,321.5,0.1133,6.74,0.797,0.42,42,14,0,0,12,2,0,0,0,0.0746,183,2757,2359,5530,10559,10647,13668,2815,2393,5643,60,37,123,10559,10647,13668,60,37,123,14.71,22.59,30.11,32.5,38.1,21.66,63.5,6.5,5.5,0.0,651.8,0.2,0.09,2,0.0,False,366.0,15.285245901639342,21.87595628415301,10.241803278688524,20.626373626373624,29.11648351648351,14.057142857142855,9.97391304347826,14.63152173913043,6.336956521739129,41,6,0,3,19,29,11.634153005464482,17.55,4.683232235937143,10.652460582895364,355.90000000000003,120.5,46.90000000000002,31.975,3.65
La Cisterna,10.01,101315,13.47,320803.0,12.79405031538454,0.495,28.77,42.63,0,5.75,4.26,0.000184,313.0,0.1358,27.06,0.121,1.21,29,46,0,7,6,23,0,8,0,4.5951,9,413,421,689,3665,3790,4471,617,742,958,413,421,689,3665,3790,4471,617,742,958,14.98,22.21,30.11,32.58,36.7,21.27,62.0,3.0,3.0,0.0,708.2,0.03,0.09,0,0.0,True,366.0,15.618852459016392,22.198360655737705,10.4,21.779120879120875,29.72857142857143,15.526373626373628,9.660869565217393,14.84565217391304,5.447826086956522,53,2,3,4,26,28,11.798360655737708,16.8,5.348161470147802,12.118251313903482,503.1,156.5,49.60000000000003,32.0,1.925
La Florida,71.12,406402,13.16,318088.0,12.59193745115305,0.466,17.5,23.7,1,3.5,2.37,0.000144,307.5,0.1312,21.54,1.011,1.42,326,133,1,14,26,56,2,22,1,1.8701,66,2346,1093,6062,4723,3964,8702,2545,1475,6204,2346,1093,6062,4723,3964,8702,2545,1475,6204,13.4,19.18,26.16,28.6,32.0,18.29,9.0,0.0,0.0,0.0,546.3,-1.73,-3.86,1,0.0,False,366.0,14.835792349726775,21.450000000000003,9.426775956284157,21.18571428571429,28.9021978021978,15.114285714285716,8.748913043478263,14.453260869565216,4.1173913043478265,34,1,0,16,28,29,12.023224043715848,17.275,5.496058887421919,12.436801242236028,413.4,230.3,53.59999999999999,31.1,0.35
La Granja,10.06,120772,22.31,209778.0,10.70458808816618,-0.568,17.5,23.7,0,3.5,2.37,0.000192,313.0,0.136,28.27,0.775,7.71,150,26,0,1,10,8,0,6,1,2.5846,9,441,482,602,1905,1840,2596,617,617,847,441,482,602,1905,1840,2596,617,617,847,15.62,22.2,29.73,32.0,36.0,21.23,53.0,2.0,1.0,3.0,513.7,-0.11,-0.3,0,0.0,True,366.0,15.618852459016392,22.198360655737705,10.4,21.779120879120875,29.72857142857143,15.526373626373628,9.660869565217393,14.84565217391304,5.447826086956522,53,2,3,4,26,28,11.798360655737708,16.8,5.348161470147802,12.118251313903482,503.1,156.5,49.60000000000003,32.0,1.925
La Pintana,30.53,189224,27.0,156000.0,10.23287956427394,-0.997,17.5,23.7,0,3.5,2.37,0.000139,313.0,0.162,20.41,0.64,2.1,222,20,0,0,13,4,1,0,1,0.655,30,900,743,1673,3209,3189,4951,942,778,1673,185,185,334,3209,3189,4951,942,778,1673,14.06,21.34,29.24,31.8,35.8,20.38,40.0,2.0,0.0,0.0,695.3,-0.58,-0.79,0,0.0,True,366.0,14.078415300546448,21.338524590163935,8.109289617486338,20.4010989010989,29.23626373626373,13.17032967032967,7.853260869565218,13.665217391304347,3.172826086956522,40,2,0,30,24,27,13.229234972677595,18.9,5.526522202498854,12.547838031533685,315.5,297.5,47.450000000000024,31.8,-1.1
La Reina,23.64,99946,4.9,420917.0,14.79302543101286,1.507,7.8,2.96,0,1.56,0.3,0.000191,307.5,0.1303,28.51,1.171,4.95,95,55,1,8,7,24,0,7,1,2.3264,21,632,482,1491,1843,1705,2918,1012,895,1963,632,482,1491,1843,1705,2918,1012,895,1963,15.4,21.97,29.5,31.78,35.8,20.96,47.0,2.0,1.0,3.0,513.7,-0.22,-0.53,0,0.0,True,366.0,15.48032786885246,22.073224043715847,10.274043715846997,21.64395604395604,29.5978021978022,15.4010989010989,9.52282608695652,14.719565217391304,5.325,48,2,3,5,26,28,11.799180327868852,16.8,5.346043504849164,12.12112995699952,482.1,166.9,48.199999999999946,31.875,1.825
Lampa,450.07,137016,25.61,180000.0,10.89962950155571,-0.751,15.9,17.46,4,3.18,1.75,7.5e-05,354.7,0.1199,9.67,0.712,0.16,142,20,0,1,9,5,1,3,1,0.0444,449,4670,4075,9213,15541,15416,20239,4975,4263,9367,111,111,111,15541,15416,20239,111,111,111,16.73,23.9,31.62,34.09,37.4,22.93,100.5,15.5,13.75,2.25,624.42,1.64,1.59,4,0.0,False,366.0,16.687158469945356,23.903551912568307,10.860928961748634,23.204395604395607,31.5989010989011,15.891208791208792,10.352173913043478,15.952173913043476,6.0836956521739145,104,12,3,0,29,28,13.042622950819672,18.275,5.624300382365171,12.85222169135213,706.8000000000001,96.4,53.900000000000006,33.975,3.225
Las Condes,98.9,339547,4.43,743000.0,15.58783918747427,2.278,7.8,2.96,1,1.56,0.3,0.00014,322.0,0.1199,20.06,1.313,1.33,234,211,5,21,10,107,7,23,1,2.1334,101,2454,1440,6463,3552,2931,7227,2985,2246,6615,361,361,428,3552,2931,7227,2985,2246,6615,14.44,19.77,26.79,29.08,32.8,18.71,13.0,0.0,0.0,3.0,544.1,-1.34,-3.24,1,0.0,False,366.0,14.43551912568306,19.77185792349727,10.007650273224044,20.46923076923077,26.785714285714285,15.541758241758243,8.76086956521739,13.224999999999998,4.935869565217391,13,0,3,10,25,34,9.764207650273224,13.8,5.27755141490385,11.708361204013377,340.8,293.4,51.89999999999999,29.075000000000003,0.9
Lo Barnechea,1022.13,128997,10.89,280000.0,14.06383199916831,0.802,7.28,2.64,8,1.46,0.26,5.4e-05,340.7,0.1103,7.32,1.813,0.18,142,45,0,9,6,18,1,5,1,0.044,1024,9923,8891,19433,19699,19770,30466,10878,9691,20499,9923,8891,19433,19699,19770,30466,10878,9691,20499,15.06,18.56,24.49,27.0,29.3,17.67,0.0,0.0,0.0,20.0,746.4,-0.94,-5.54,8,0.0,False,366.0,11.271584699453554,14.585792349726775,7.813387978142076,16.602197802197804,20.504395604395604,13.127472527472529,6.43695652173913,9.032608695652176,3.151086956521739,0,0,0,38,29,25,6.772404371584699,11.3,4.836148066560271,10.165241280458671,57.6,656.6000000000001,51.75000000000005,23.2,-1.6
Lo Espejo,8.19,102145,28.78,199778.0,10.42959944193576,-0.968,28.77,42.63,0,5.75,4.26,0.000173,313.0,0.1371,25.49,0.274,3.34,59,11,0,0,8,2,0,0,1,1.3423,8,590,463,1086,4360,4344,5100,647,515,1086,590,463,1086,4360,4344,5100,647,515,1086,16.11,23.23,31.09,33.72,37.8,22.25,91.0,8.0,8.0,2.0,721.8,1.04,1.07,0,0.0,True,366.0,16.10928961748634,23.233606557377048,10.51448087431694,22.468131868131863,31.09010989010989,15.386813186813187,9.865217391304348,15.244565217391305,5.7760869565217385,91,8,2,2,22,32,12.719125683060112,18.175000000000004,5.50820928258254,12.602914476827516,594.5,114.6,45.10000000000001,33.724999999999994,2.7
Lo Prado,6.57,103390,19.32,203917.0,11.36936853014144,-0.297,15.9,17.46,0,3.18,1.75,0.000169,324.8,0.1475,23.88,0.198,3.02,83,27,0,3,9,11,0,2,1,4.1098,6,218,114,458,1921,1936,2357,480,477,846,107,107,107,1921,1936,2357,480,477,846,15.92,23.38,31.1,33.4,37.5,22.44,90.0,9.0,7.0,0.0,672.6,0.79,1.08,0,0.0,True,366.0,15.91639344262295,23.37923497267759,10.031967213114754,22.34175824175824,31.0989010989011,14.824175824175828,9.70108695652174,15.458695652173914,5.615217391304347,90,9,0,3,26,30,13.347267759562843,18.799999999999997,5.468709850293162,12.640671285236502,554.6999999999999,120.6,51.749999999999986,33.4,3.125
Macul,12.81,137336,13.45,400000.0,13.37165590700947,0.755,17.5,23.7,1,3.5,2.37,0.000226,309.3,0.1382,33.69,0.364,2.84,95,33,0,6,5,9,0,6,1,2.5754,13,344,279,517,2097,2179,2734,741,750,1175,344,279,517,2097,2179,2734,741,750,1175,15.62,22.2,29.73,32.0,36.0,21.23,53.0,2.0,1.0,3.0,513.7,-0.11,-0.3,1,0.0,False,366.0,15.618852459016392,22.198360655737705,10.4,21.779120879120875,29.72857142857143,15.526373626373628,9.660869565217393,14.84565217391304,5.447826086956522,53,2,3,4,26,28,11.798360655737708,16.8,5.348161470147802,12.118251313903482,503.1,156.5,49.60000000000003,32.0,1.925
Maipú,137.61,585951,14.84,248179.0,12.42664462961877,0.22,28.77,42.63,2,5.75,4.26,9.9e-05,313.2,0.1376,14.49,2.175,1.58,720,123,2,13,29,46,3,16,2,0.8938,138,2201,1528,5451,5042,4000,10429,2497,1712,5914,1,1528,4,5042,4000,10429,17,1712,41,14.26,21.23,28.43,30.94,35.7,20.07,35.5,2.0,2.0,0.0,625.9,-0.72,-1.59,2,0.0,False,366.0,15.189617486338795,22.356010928961748,9.562295081967214,21.275824175824177,29.71538461538461,14.270329670329671,9.102173913043476,14.80108695652174,4.915217391304347,56,4,0,3,26,29,12.793715846994536,18.0,5.320391698902316,12.1736502627807,428.2000000000001,169.9,49.699999999999974,32.2,2.225
María Pinto,394.62,15382,27.16,193917.0,9.46843776624592,-1.087,11.08,14.56,3,2.22,1.46,3.7e-05,283.8,0.1117,6.05,0.067,0.02,8,6,0,0,5,1,0,0,0,0.0152,388,4593,3949,8311,13365,13779,18162,4627,4002,8311,678,685,941,13365,13779,18162,678,685,941,15.01,22.04,28.83,31.16,36.9,21.58,42.0,4.0,3.67,1.0,515.73,-0.4,-1.19,3,0.0,False,366.0,14.98743169398907,22.24754098360656,9.45655737704918,20.482417582417582,29.2989010989011,13.649450549450547,9.502173913043478,14.92717391304348,5.042391304347826,46,4,0,8,26,31,12.790983606557376,17.675,4.765586592214868,10.980243669374104,306.80000000000007,126.4,48.300000000000026,31.5,2.05
Melipilla,1343.13,146241,22.81,203917.0,10.95887124414489,-0.554,13.02,17.4,14,2.6,1.74,3.2e-05,297.8,0.1053,4.91,0.515,0.04,70,39,2,3,17,8,0,2,1,0.029,1360,6770,6625,12023,14027,13595,23404,6856,6693,12019,94,117,155,14027,13595,23404,82,82,148,14.58,21.56,27.71,30.99,37.44,20.86,31.91,4.82,2.64,0.36,570.14,-0.78,-2.31,14,0.0,False,366.0,14.528688524590164,21.816120218579236,9.03360655737705,19.51538461538462,27.96483516483516,13.1989010989011,9.34673913043478,14.94565217391304,4.89782608695652,32,5,0,6,19,32,12.782513661202184,18.9,4.522709984861925,10.168645484949838,216.40000000000003,142.9,57.999999999999964,31.2,1.4249999999999998
Padre Hurtado,81.22,78847,19.55,300000.0,11.37208218071051,-0.132,28.77,42.63,0,5.75,4.26,7.1e-05,313.5,0.1288,10.36,0.527,0.65,176,8,0,3,3,2,0,0,0,0.0985,80,3494,3243,6534,6601,6661,8522,3967,3782,6534,508,508,508,6601,6661,8522,508,508,508,14.97,22.15,29.03,31.78,36.7,21.32,40.0,3.0,2.0,0.0,583.6,-0.48,-0.99,0,0.0,True,366.0,14.978142076502731,22.151092896174863,9.287978142076502,20.602197802197804,29.031868131868137,13.828571428571427,9.075,14.942391304347824,4.694565217391304,40,3,0,4,20,37,12.86311475409836,18.5,5.0742818078204825,11.527197802197804,355.0999999999999,161.6,47.100000000000016,31.775,1.8
Paine,678.14,86258,20.95,193935.0,10.89190139297804,-0.492,16.9,22.15,5,3.38,2.21,4.1e-05,324.4,0.1107,5.76,0.251,0.04,86,18,0,2,10,3,0,0,0,0.0265,678,4740,3985,9133,18556,18519,26182,4844,4181,9133,460,460,678,18556,18519,26182,460,460,678,15.17,22.5,30.79,33.21,37.8,21.66,75.0,7.0,9.25,0.0,661.12,0.74,0.77,5,0.0,False,366.0,15.563387978142076,22.806010928961747,9.60792349726776,21.47912087912088,31.187912087912085,13.75824175824176,10.005434782608695,14.879347826086958,5.613043478260869,85,9,0,4,28,27,13.198087431693988,19.3,5.00947248246323,11.473686096512186,444.0,130.2,51.299999999999955,33.7,2.3
Pedro Aguirre Cerda,8.64,106065,20.17,243917.0,11.02831502937128,-0.334,28.77,42.63,0,5.75,4.26,0.000195,313.0,0.1283,28.73,0.429,4.97,84,24,1,3,10,7,1,0,1,2.7788,8,401,385,553,2302,2356,3214,472,453,748,401,385,553,2302,2356,3214,472,453,748,16.11,23.23,31.09,33.72,37.8,22.25,91.0,8.0,8.0,2.0,721.8,1.04,1.07,0,0.0,True,366.0,16.10928961748634,23.233606557377048,10.51448087431694,22.468131868131863,31.09010989010989,15.386813186813187,9.865217391304348,15.244565217391305,5.7760869565217385,91,8,2,2,22,32,12.719125683060112,18.175000000000004,5.50820928258254,12.602914476827516,594.5,114.6,45.10000000000001,33.724999999999994,2.7
Peñaflor,69.32,104684,15.13,200000.0,11.96518097371539,0.026,28.77,42.63,1,5.75,4.26,6.9e-05,313.7,0.1234,10.09,0.631,0.91,65,20,1,1,8,2,1,1,1,0.2885,68,1765,1524,3632,3624,3510,6137,2217,2223,3828,1765,1524,3632,3624,3510,6137,2217,2223,3828,14.11,21.72,28.67,31.48,36.3,20.74,35.0,3.0,1.0,0.0,639.4,-0.68,-1.35,1,0.0,False,366.0,14.114207650273222,21.71803278688525,8.245901639344263,19.798901098901094,28.66923076923077,12.83956043956044,8.093478260869565,14.44782608695652,3.560869565217391,35,3,0,19,18,33,13.472131147540985,19.25,5.146675916316627,11.705422838031533,244.0,254.0,45.20000000000002,31.475,-0.0249999999999999
Peñalolén,53.62,271089,16.64,273917.0,12.40974773342048,0.173,17.5,23.7,0,3.5,2.37,0.000159,307.5,0.1348,23.84,1.806,3.37,208,65,3,4,12,26,1,10,1,1.2122,50,1990,1025,4946,4048,3830,7198,2330,1761,5115,91,91,163,4048,3830,7198,2330,1761,5115,14.57,20.36,27.33,29.8,33.1,19.72,17.0,0.0,0.0,3.0,546.3,-1.13,-2.7,0,0.0,True,366.0,14.73825136612022,21.35,9.326775956284152,21.086813186813185,28.802197802197803,15.014285714285714,8.65108695652174,14.35326086956522,4.017391304347826,32,0,0,16,28,29,12.023224043715848,17.275,5.495788913054611,12.435726230291444,399.9,239.3,53.60000000000005,31.0,0.25
Pirque,444.7,32041,19.42,211671.0,11.90746093749988,-0.181,17.5,23.7,3,3.5,2.37,5.1e-05,330.3,0.1077,7.13,0.338,0.08,36,16,0,1,9,5,0,0,1,0.036,444,6315,5340,13419,12656,12066,21099,6338,5340,13419,6315,5340,13419,12656,12066,21099,6338,5340,13419,15.16,21.39,29.11,31.68,36.2,20.79,40.0,1.0,2.0,1.0,761.0,-0.42,-0.91,3,0.0,False,366.0,15.5620218579235,21.479508196721312,10.55,21.753846153846155,28.375824175824174,16.318681318681318,9.701086956521738,15.195652173913048,5.42608695652174,27,0,4,6,28,32,10.929508196721311,15.475,5.375055410466909,12.052759197324416,505.6,177.4,44.60000000000005,30.875,1.9
Providencia,14.43,162013,4.32,1000000.0,16.25641007499625,2.887,7.8,2.96,0,1.56,0.3,0.000246,310.2,0.1367,36.45,2.243,15.54,120,237,11,35,15,83,15,19,1,16.4207,12,271,214,580,833,718,1678,565,565,818,375,375,375,833,718,1678,565,565,818,16.17,22.75,30.4,32.68,36.7,21.72,68.0,3.0,1.0,3.0,446.1,0.2,0.37,0,0.0,True,366.0,16.1724043715847,22.754644808743173,11.006557377049178,22.03076923076923,30.397802197802196,15.33076923076923,10.71195652173913,15.108695652173916,6.985869565217392,68,3,3,1,26,28,11.748087431693987,17.0,4.977032964093704,11.318812709030103,536.6,89.70000000000002,53.19999999999999,32.675000000000004,4.125
Pudahuel,197.45,259195,16.88,236000.0,11.84711282590672,-0.02,15.9,17.46,2,3.18,1.75,8.7e-05,330.3,0.1424,12.19,0.81,0.41,197,71,1,7,24,26,0,7,2,0.3596,193,3262,2483,7395,10315,10136,16577,4172,3743,8036,76,30,185,10315,10136,16577,245,245,245,15.22,22.5,29.94,32.24,36.3,21.5,59.0,4.5,2.5,0.0,650.8,-0.1,-0.09,2,0.0,False,366.0,14.947814207650271,22.048360655737707,9.286338797814208,21.01648351648352,29.25384615384616,14.058241758241758,8.990217391304348,14.63695652173913,4.805434782608695,41,3,0,2,22,29,12.762021857923497,17.7,5.2489944903568295,12.02626612517917,387.3,185.1,53.10000000000004,31.575000000000003,2.0
Puente Alto,88.13,661900,18.92,200000.0,12.03118632822764,-0.153,17.5,23.7,2,3.5,2.37,0.000121,308.0,0.1426,18.06,2.418,2.74,665,129,7,14,26,45,1,18,3,1.4637,88,1162,775,2953,2968,2550,5624,1620,1195,3523,149,149,169,2968,2550,5624,1620,1195,3523,14.85,21.42,28.71,31.05,34.75,20.89,31.5,0.5,0.0,0.0,640.2,-0.83,-1.32,2,0.0,False,366.0,14.933333333333334,21.524590163934427,9.503825136612022,21.284615384615385,28.97142857142856,15.197802197802195,8.84891304347826,14.53478260869565,4.19891304347826,35,1,0,16,28,29,12.020765027322405,17.275000000000002,5.4961698232739,12.43570234113712,427.0,222.1,53.49999999999995,31.2,0.45
Quilicura,56.99,268706,17.05,208785.0,12.19940354897908,-0.009,15.9,17.46,0,3.18,1.75,0.000165,358.9,0.1576,21.19,0.732,1.28,388,98,0,7,16,46,0,21,1,1.7195,56,1003,778,2079,7914,8188,10000,1509,1355,2824,28,28,28,7914,8188,10000,1509,1355,2824,15.49,22.96,30.62,32.9,36.7,21.95,77.0,6.0,4.0,0.0,602.8,0.34,0.6,0,0.0,True,366.0,15.491803278688524,22.9551912568306,9.507377049180327,22.052747252747253,30.621978021978027,14.495604395604396,9.096739130434782,15.07391304347826,4.856521739130434,77,6,0,2,27,31,13.447814207650271,18.549999999999997,5.6123662630199025,12.95600812231247,507.0,168.7,56.10000000000004,32.9,2.05
Quinta Normal,11.83,140381,19.68,400000.0,12.81401894451962,0.33,15.9,17.46,0,3.18,1.75,0.000193,313.0,0.1393,28.33,0.427,3.61,25,27,0,2,10,12,0,2,1,2.2819,9,363,317,587,2670,2776,3219,555,593,885,153,153,153,2670,2776,3219,153,153,153,16.48,23.08,30.72,32.98,37.0,22.11,83.0,4.0,4.0,3.0,446.1,0.62,0.7,0,0.0,True,366.0,16.48497267759563,23.079508196721314,11.331967213114757,22.345054945054944,30.72197802197803,15.652747252747254,11.022826086956522,15.430434782608693,7.315217391304347,83,4,3,0,24,28,11.74754098360656,16.9,4.977470809006686,11.322228858098422,586.1,73.2,51.85000000000005,32.975,4.425000000000001
Recoleta,15.85,195514,21.16,260879.0,11.47486351650759,-0.264,7.8,2.96,0,1.56,0.3,0.00024,358.9,0.1602,30.78,2.72,17.16,57,58,1,5,9,25,3,12,1,3.6591,15,413,424,702,1768,1491,3071,692,539,1138,350,350,631,1768,1491,3071,692,539,1138,16.17,22.75,30.4,32.68,36.7,21.72,68.0,3.0,1.0,3.0,446.1,0.2,0.37,0,0.0,True,366.0,16.1724043715847,22.754644808743173,11.006557377049178,22.03076923076923,30.397802197802196,15.33076923076923,10.71195652173913,15.108695652173916,6.985869565217392,68,3,3,1,26,28,11.748087431693987,17.0,4.977032964093704,11.318812709030103,536.6,89.70000000000002,53.19999999999999,32.675000000000004,4.125
Renca,23.75,162638,19.5,193000.0,10.87586764441678,-0.423,15.9,17.46,1,3.18,1.75,0.000174,358.9,0.1567,22.27,0.47,1.98,68,28,0,0,10,12,2,2,1,1.1791,22,542,503,921,3344,3345,4240,821,840,1120,542,503,921,3344,3345,4240,821,840,1120,16.06,22.69,30.43,32.68,36.2,21.48,71.0,4.0,1.0,0.0,434.7,0.03,0.4,1,0.0,False,366.0,15.91639344262295,23.37923497267759,10.031967213114754,22.34175824175824,31.0989010989011,14.824175824175828,9.70108695652174,15.458695652173914,5.615217391304347,90,9,0,3,26,30,13.347267759562843,18.799999999999997,5.468709850293162,12.640671285236502,554.6999999999999,120.6,51.749999999999986,33.4,3.125
San Bernardo,153.14,343570,18.71,199917.0,11.61984892425988,-0.224,28.77,42.63,1,5.75,4.26,9.2e-05,313.6,0.1407,13.56,1.688,1.1,293,94,2,8,21,32,4,12,1,0.6138,153,1687,1627,2996,4928,5031,7431,1995,2051,3312,98,108,139,4928,5031,7431,93,93,136,15.14,22.38,30.29,32.78,36.8,21.46,71.0,5.0,5.0,0.0,708.2,0.29,0.26,1,0.0,False,366.0,14.448087431693988,21.718306010928963,8.482513661202187,20.77912087912088,29.618681318681315,13.543956043956044,8.221739130434784,14.040217391304347,3.552173913043478,53,2,0,22,24,27,13.235792349726776,18.9,5.528967729820711,12.557381748686094,361.2,256.2,48.199999999999974,32.2,-0.775
San Joaquín,9.94,103586,19.61,270000.0,11.79086965796784,-0.107,17.5,23.7,0,3.5,2.37,0.000215,313.0,0.1287,31.54,0.371,3.73,75,22,0,0,13,7,0,0,1,2.2137,8,312,290,484,1871,2053,2621,345,327,603,11,11,11,1871,2053,2621,11,11,11,16.33,22.93,30.46,32.7,36.8,22.12,74.0,4.0,5.0,6.0,513.7,0.73,0.43,0,0.0,True,366.0,16.315300546448086,22.873224043715844,11.074043715846994,22.475824175824176,30.397802197802196,16.2010989010989,10.354347826086956,15.519565217391309,6.124999999999999,72,4,6,1,26,28,11.799180327868852,16.8,5.3496844811127175,12.12147634973722,610.9,111.9,49.50000000000006,32.675000000000004,2.625
San José de Maipo,4984.91,19211,24.4,244051.0,11.44726827065726,-0.465,7.46,5.2,50,1.49,0.52,1.7e-05,380.7,0.1221,2.11,0.115,0.0,16,8,1,0,6,0,0,0,1,0.0016,4982,23402,22113,41779,37728,37920,61712,23420,22128,41779,23402,22113,41779,37728,37920,61712,23420,22128,41779,13.69,19.93,26.64,29.1,32.0,19.47,10.0,0.0,0.0,1.0,627.1,-1.51,-3.38,50,0.0,False,366.0,3.737158469945355,6.7322404371584685,0.3770491803278691,10.18021978021978,13.773626373626373,6.464835164835166,-1.8369565217391304,0.708695652173913,-4.848913043478261,0,0,0,170,32,27,6.355191256830601,10.85,5.682842034606162,12.01717630195891,0.0,2478.4,68.85000000000004,18.075000000000003,-10.4
San Miguel,9.63,140870,12.92,421694.0,14.09351796981149,0.964,28.77,42.63,0,5.75,4.26,0.000204,313.0,0.1276,30.03,0.195,2.03,33,61,4,5,6,19,3,8,1,6.3354,8,257,289,414,1821,1900,2808,474,424,731,88,88,88,1821,1900,2808,474,424,731,16.38,22.97,30.5,32.78,36.8,22.18,76.0,4.0,5.0,7.0,513.7,0.83,0.47,0,0.0,True,366.0,16.375956284153006,22.973224043715845,11.174043715846995,22.53846153846154,30.49780219780219,16.301098901098904,10.419565217391304,15.619565217391305,6.2250000000000005,76,4,7,1,26,28,11.799180327868852,16.8,5.344614484882918,12.118896321070237,619.5000000000001,108.2,48.2,32.775,2.725
San Pedro,794.84,12336,31.93,198310.0,8.73944767710354,-1.464,7.19,5.7,9,1.44,0.57,1.6e-05,306.8,0.1012,2.46,0.025,0.0,5,8,0,0,7,1,0,0,0,0.0101,931,6970,6686,12167,35820,34889,46815,7083,6887,12225,1102,1012,1838,35820,34889,46815,1102,1012,1838,14.12,20.92,27.36,31.16,36.53,19.77,33.14,4.29,3.0,0.14,567.59,-0.78,-2.67,9,0.0,False,366.0,14.671038251366122,21.262841530054647,9.624590163934425,19.752747252747255,27.54615384615384,13.552747252747253,9.361956521739131,14.173913043478262,5.709782608695653,41,6,1,3,22,30,11.63825136612022,17.6,4.588506999993676,10.390790731008122,244.90000000000003,137.0,55.14999999999994,31.125,2.8
San Ramón,6.31,84926,19.17,223917.0,10.75368796878047,-0.374,17.5,23.7,0,3.5,2.37,0.000184,313.0,0.1368,27.01,0.262,4.15,73,24,1,1,7,10,1,2,2,3.8048,5,255,239,322,1790,1615,3097,292,250,367,407,407,407,1790,1615,3097,292,250,367,15.62,22.2,29.73,32.0,36.0,21.23,53.0,2.0,1.0,3.0,513.7,-0.11,-0.3,0,0.0,True,366.0,15.618852459016392,22.198360655737705,10.4,21.779120879120875,29.72857142857143,15.526373626373628,9.660869565217393,14.84565217391304,5.447826086956522,53,2,3,4,26,28,11.798360655737708,16.8,5.348161470147802,12.118251313903482,503.1,156.5,49.60000000000003,32.0,1.925
Santiago,23.28,530538,16.47,489000.0,14.16776451905146,0.923,28.77,42.63,0,5.75,4.26,0.000217,313.0,0.1494,31.85,2.055,8.83,261,288,7,18,17,155,14,21,1,12.3731,21,241,192,409,875,883,1431,533,498,873,94,123,152,875,883,1431,159,159,159,16.17,22.75,30.4,32.68,36.7,21.72,68.0,3.0,1.0,3.0,446.1,0.2,0.37,0,0.0,True,366.0,16.1724043715847,22.754644808743173,11.006557377049178,22.03076923076923,30.397802197802196,15.33076923076923,10.71195652173913,15.108695652173916,6.985869565217392,68,3,3,1,26,28,11.748087431693987,17.0,4.977032964093704,11.318812709030103,536.6,89.70000000000002,53.19999999999999,32.675000000000004,4.125
Talagante,128.01,84153,16.99,200000.0,11.51954302232605,-0.156,28.77,42.63,2,5.75,4.26,6.3e-05,317.0,0.1208,9.09,0.376,0.29,94,41,2,4,8,12,0,9,1,0.3203,129,2330,2197,4124,5331,5321,8738,2630,2782,4145,2330,2197,4124,5331,5321,8738,2630,2782,4145,14.29,21.88,29.09,31.81,36.9,20.92,43.5,3.5,3.5,0.0,612.6,-0.34,-0.94,2,0.0,False,366.0,14.289617486338798,22.378415300546447,7.903005464480875,20.1,29.652747252747258,12.48021978021978,8.084782608695651,14.826086956521742,3.0021739130434777,54,5,0,25,22,29,14.475409836065571,20.675,5.2588463997410635,12.015217391304349,264.7,248.3,44.549999999999955,32.075,-0.875
Tiltil,654.87,22110,28.91,193917.0,9.55063222738564,-1.159,14.13,14.52,6,2.83,1.45,5.6e-05,377.1,0.1235,6.82,0.109,0.02,18,12,1,1,7,1,0,0,1,0.0183,656,4414,4208,7405,10587,10297,16896,4525,4323,7490,457,154,1003,10587,10297,16896,685,685,1109,16.22,22.93,30.28,32.89,37.27,21.97,77.0,9.67,6.33,0.67,568.37,0.49,0.25,6,0.0,False,366.0,16.161475409836065,23.19672131147541,10.500546448087432,22.816483516483512,31.234065934065935,15.586813186813188,9.795652173913044,14.992391304347825,5.938043478260871,95,9,0,1,27,34,12.69617486338798,17.949999999999996,5.651686927880841,13.020831342570467,641.9999999999999,148.9,53.49999999999995,33.8,2.925
Vitacura,28.29,97546,2.44,950000.0,16.23183513296114,2.885,7.8,2.96,1,1.56,0.3,0.000202,334.9,0.1261,27.81,1.549,5.48,113,71,0,14,4,35,1,6,1,2.5094,29,745,419,1661,3223,3083,4819,2257,2259,3413,745,419,1661,3223,3083,4819,2257,2259,3413,16.17,22.75,30.4,32.68,36.7,21.72,68.0,3.0,1.0,3.0,446.1,0.2,0.37,1,0.0,False,366.0,16.839890710382512,22.04043715846995,12.350819672131149,22.46483516483517,29.07032967032967,17.23186813186813,11.894565217391303,15.469565217391304,8.203260869565216,37,1,20,3,25,31,9.689617486338795,13.900000000000002,4.842943503290423,10.570269947443864,645.3,100.5,51.24999999999997,31.475,3.775
Ñuñoa,16.91,261138,5.17,693470.0,15.60763637508195,2.154,17.5,23.7,0,3.5,2.37,0.000239,309.3,0.1256,35.49,1.107,6.55,117,126,1,11,9,72,4,14,1,7.4503,16,208,213,360,1326,1220,1895,638,673,972,631,631,631,1326,1220,1895,638,673,972,15.62,22.2,29.73,32.0,36.0,21.23,53.0,2.0,1.0,3.0,513.7,-0.11,-0.3,0,0.0,True,366.0,15.618852459016392,22.198360655737705,10.4,21.779120879120875,29.72857142857143,15.526373626373628,9.660869565217393,14.84565217391304,5.447826086956522,53,2,3,4,26,28,11.798360655737708,16.8,5.348161470147802,12.118251313903482,503.1,156.5,49.60000000000003,32.0,1.925
