name,outcome,mortality_year_start,mortality_year_end,mortality_n_years,mortality_deaths_total,mortality_rate_crude_per_100k,mortality_rate_age_adjusted_per_100k,mortality_low_count_flag,mortality_deaths_0_14,mortality_rate_0_14_per_100k,mortality_deaths_15_64,mortality_rate_15_64_per_100k,mortality_deaths_65_plus,mortality_rate_65_plus_per_100k
Alhué,all_cause,2018,2022,5,210.0,651.7691,661.0834,0,6.0,136.9863,53.0,215.9299,151.0,4582.7011
Buin,all_cause,2018,2022,5,2946.0,609.8495,728.5787,0,64.0,65.0109,777.0,225.3546,2105.0,5284.2977
Calera de Tango,all_cause,2018,2022,5,691.0,544.2659,632.0087,0,13.0,52.8348,180.0,196.7536,498.0,4581.4167
Cerrillos,all_cause,2018,2022,5,2530.0,625.9897,575.9349,0,46.0,60.3992,649.0,232.0634,1835.0,3796.0281
Cerro Navia,all_cause,2018,2022,5,5791.0,873.3091,796.1401,0,63.0,50.637,1745.0,381.6126,3983.0,4891.6181
Colina,all_cause,2018,2022,5,3146.0,430.3488,672.7732,0,94.0,52.2179,1096.0,214.6158,1956.0,4848.7853
Conchalí,all_cause,2018,2022,5,5531.0,871.3324,733.8905,0,55.0,50.2903,1385.0,315.2851,4091.0,4750.3484
Curacaví,all_cause,2018,2022,5,1145.0,702.9068,674.3613,0,17.0,54.6448,267.0,235.1594,861.0,4720.3947
El Bosque,all_cause,2018,2022,5,5931.0,729.9468,668.5166,0,102.0,65.2236,1593.0,285.6221,4236.0,4304.4406
El Monte,all_cause,2018,2022,5,1106.0,615.7615,656.2067,0,18.0,48.0641,321.0,257.2631,767.0,4409.313
Estación Central,all_cause,2018,2022,5,5024.0,683.3468,634.7445,0,99.0,89.8897,1372.0,254.2978,3553.0,4153.3696
Huechuraba,all_cause,2018,2022,5,3047.0,617.608,682.2994,0,46.0,41.1946,831.0,247.4135,2170.0,4735.9232
Independencia,all_cause,2018,2022,5,4713.0,939.9587,912.4651,0,91.0,115.0806,1299.0,353.2963,3322.0,6078.1264
Isla de Maipo,all_cause,2018,2022,5,1050.0,579.8062,614.8168,0,18.0,50.1532,258.0,202.2657,774.0,4385.2691
La Cisterna,all_cause,2018,2022,5,3978.0,882.8327,701.2132,0,41.0,53.5458,721.0,232.8699,3216.0,4993.0135
La Florida,all_cause,2018,2022,5,12556.0,684.4073,599.2747,0,141.0,44.9152,2781.0,215.7846,9634.0,4154.9144
La Granja,all_cause,2018,2022,5,4445.0,762.6254,711.7067,0,50.0,46.262,1244.0,306.0986,3151.0,4608.7465
La Pintana,all_cause,2018,2022,5,5848.0,659.5427,743.4634,0,68.0,34.0818,2030.0,333.8267,3750.0,4743.533
La Reina,all_cause,2018,2022,5,3572.0,769.9354,586.6566,0,34.0,44.4997,492.0,154.1643,3046.0,4453.5419
Lampa,all_cause,2018,2022,5,2628.0,515.1224,824.2756,0,91.0,73.4967,890.0,247.8936,1647.0,6026.3447
Las Condes,all_cause,2018,2022,5,10496.0,711.9842,516.3036,0,82.0,39.0207,1275.0,123.0861,9139.0,4005.0836
Lo Barnechea,all_cause,2018,2022,5,2109.0,398.5524,540.7009,0,27.0,22.8378,381.0,102.3286,1701.0,4405.5944
Lo Espejo,all_cause,2018,2022,5,4316.0,873.6488,823.6611,0,63.0,66.7267,1349.0,394.4848,2904.0,5038.1679
Lo Prado,all_cause,2018,2022,5,3808.0,791.2809,634.4351,0,41.0,50.0397,885.0,268.6825,2882.0,4121.5588
Macul,all_cause,2018,2022,5,4371.0,750.1673,586.0884,0,40.0,44.6728,870.0,213.4524,3461.0,4045.8238
Maipú,all_cause,2018,2022,5,14449.0,553.9974,619.7926,0,181.0,39.2731,3869.0,202.1764,10399.0,4451.9126
María Pinto,all_cause,2018,2022,5,448.0,659.3083,712.1214,0,12.0,101.738,112.0,225.0804,324.0,5066.4582
Melipilla,all_cause,2018,2022,5,4736.0,766.1757,738.6555,0,78.0,65.4088,1220.0,283.7638,3436.0,4983.3212
Padre Hurtado,all_cause,2018,2022,5,1818.0,574.8617,681.773,0,33.0,51.1113,504.0,223.5926,1281.0,4875.3568
Paine,all_cause,2018,2022,5,2022.0,555.8075,621.376,0,53.0,72.2711,520.0,201.8516,1449.0,4412.3021
Pedro Aguirre Cerda,all_cause,2018,2022,5,4838.0,956.3722,785.3138,0,56.0,66.8816,1240.0,353.6945,3542.0,4950.0384
Peñaflor,all_cause,2018,2022,5,3000.0,665.1811,714.2921,0,49.0,52.5441,780.0,248.0403,2171.0,5016.1738
Peñalolén,all_cause,2018,2022,5,7423.0,614.4893,634.349,0,95.0,40.5888,1985.0,233.0017,5343.0,4378.9698
Pirque,all_cause,2018,2022,5,774.0,583.6884,623.0238,0,8.0,30.6279,184.0,196.4658,582.0,4536.2432
Providencia,all_cause,2018,2022,5,6127.0,862.4779,627.8682,0,59.0,70.1004,883.0,171.2717,5185.0,4685.0998
Pudahuel,all_cause,2018,2022,5,6384.0,554.4241,663.9503,0,103.0,45.1546,1932.0,232.7963,4349.0,4653.8256
Puente Alto,all_cause,2018,2022,5,15210.0,535.4635,698.4715,0,250.0,43.9252,4617.0,223.4245,10343.0,5047.5819
Quilicura,all_cause,2018,2022,5,4172.0,396.5591,663.3107,0,112.0,49.9298,1563.0,201.3449,2497.0,4852.784
Quinta Normal,all_cause,2018,2022,5,4695.0,853.4346,734.2582,0,58.0,63.6104,1046.0,269.8032,3591.0,5039.2927
Recoleta,all_cause,2018,2022,5,6443.0,816.3395,729.153,0,91.0,66.8479,1654.0,297.9455,4698.0,4794.3668
Renca,all_cause,2018,2022,5,4722.0,641.7897,675.3485,0,82.0,54.0149,1437.0,280.9494,3203.0,4420.3699
San Bernardo,all_cause,2018,2022,5,9726.0,645.5745,765.6176,0,187.0,58.9348,2865.0,269.1379,6674.0,5349.8998
San Joaquín,all_cause,2018,2022,5,3981.0,842.611,666.6634,0,48.0,64.3389,879.0,267.4781,3054.0,4411.3823
San José de Maipo,all_cause,2018,2022,5,674.0,741.1073,733.679,0,11.0,71.2435,145.0,220.2309,518.0,5356.7735
San Miguel,all_cause,2018,2022,5,5137.0,951.7017,820.5282,0,64.0,74.9678,1001.0,259.6762,4072.0,5908.2995
San Pedro,all_cause,2018,2022,5,337.0,692.9879,619.0567,0,5.0,53.8503,79.0,237.2729,253.0,4181.8182
San Ramón,all_cause,2018,2022,5,3979.0,959.9517,776.4396,0,31.0,41.0324,986.0,353.8997,2962.0,4908.8499
Santiago,all_cause,2018,2022,5,9184.0,454.0971,588.2233,0,216.0,91.9149,2549.0,155.3435,6419.0,4378.7305
Talagante,all_cause,2018,2022,5,2411.0,649.5413,716.5385,0,40.0,54.0103,611.0,232.4166,1760.0,5140.9376
Tiltil,all_cause,2018,2022,5,565.0,585.1284,616.4605,0,15.0,81.8554,164.0,238.2855,386.0,4102.0191
Vitacura,all_cause,2018,2022,5,2812.0,658.6714,434.0187,0,15.0,20.2511,303.0,108.8167,2494.0,3352.1505
Ñuñoa,all_cause,2018,2022,5,7868.0,755.6774,578.7712,0,66.0,45.283,1053.0,141.4914,6749.0,4463.1816
Alhué,alzheimer,2018,2022,5,2.0,6.2073,6.3866,1,0.0,0.0,0.0,0.0,2.0,60.698
Buin,alzheimer,2018,2022,5,73.0,15.1117,19.282,0,0.0,0.0,0.0,0.0,73.0,183.2559
Calera de Tango,alzheimer,2018,2022,5,14.0,11.0271,13.5517,0,0.0,0.0,0.0,0.0,14.0,128.7948
Cerrillos,alzheimer,2018,2022,5,35.0,8.6599,7.6183,0,0.0,0.0,0.0,0.0,35.0,72.4038
Cerro Navia,alzheimer,2018,2022,5,67.0,10.1039,8.7115,0,0.0,0.0,2.0,0.4374,65.0,79.8281
Colina,alzheimer,2018,2022,5,48.0,6.566,12.5199,0,0.0,0.0,0.0,0.0,48.0,118.9886
Conchalí,alzheimer,2018,2022,5,72.0,11.3426,8.8772,0,0.0,0.0,2.0,0.4553,70.0,81.2819
Curacaví,alzheimer,2018,2022,5,20.0,12.2778,11.5372,0,0.0,0.0,0.0,0.0,20.0,109.6491
El Bosque,alzheimer,2018,2022,5,114.0,14.0303,12.2098,0,0.0,0.0,1.0,0.1793,113.0,114.8257
El Monte,alzheimer,2018,2022,5,18.0,10.0214,10.8878,0,0.0,0.0,0.0,0.0,18.0,103.478
Estación Central,alzheimer,2018,2022,5,105.0,14.2817,12.9241,0,0.0,0.0,1.0,0.1853,104.0,121.5734
Huechuraba,alzheimer,2018,2022,5,21.0,4.2566,4.8223,0,0.0,0.0,0.0,0.0,21.0,45.8315
Independencia,alzheimer,2018,2022,5,88.0,17.5507,16.9428,0,0.0,0.0,1.0,0.272,87.0,159.1803
Isla de Maipo,alzheimer,2018,2022,5,12.0,6.6264,7.1537,0,0.0,0.0,0.0,0.0,12.0,67.9887
La Cisterna,alzheimer,2018,2022,5,82.0,18.1982,13.3954,0,0.0,0.0,0.0,0.0,82.0,127.3094
La Florida,alzheimer,2018,2022,5,284.0,15.4804,12.9374,0,0.0,0.0,5.0,0.388,279.0,120.326
La Granja,alzheimer,2018,2022,5,61.0,10.4657,9.3877,0,0.0,0.0,0.0,0.0,61.0,89.2204
La Pintana,alzheimer,2018,2022,5,43.0,4.8496,5.7231,0,0.0,0.0,0.0,0.0,43.0,54.3925
La Reina,alzheimer,2018,2022,5,104.0,22.4169,15.9994,0,0.0,0.0,0.0,0.0,104.0,152.0579
Lampa,alzheimer,2018,2022,5,20.0,3.9203,7.6999,0,0.0,0.0,0.0,0.0,20.0,73.1797
Las Condes,alzheimer,2018,2022,5,353.0,23.9454,16.3683,0,0.0,0.0,4.0,0.3862,349.0,152.9461
Lo Barnechea,alzheimer,2018,2022,5,57.0,10.7717,15.4526,0,0.0,0.0,1.0,0.2686,56.0,145.0401
Lo Espejo,alzheimer,2018,2022,5,37.0,7.4896,6.7542,0,0.0,0.0,0.0,0.0,37.0,64.1915
Lo Prado,alzheimer,2018,2022,5,70.0,14.5456,10.5993,0,0.0,0.0,1.0,0.3036,69.0,98.6772
Macul,alzheimer,2018,2022,5,49.0,8.4096,6.0269,0,0.0,0.0,0.0,0.0,49.0,57.2798
Maipú,alzheimer,2018,2022,5,252.0,9.6621,11.3281,0,0.0,0.0,3.0,0.1568,249.0,106.5993
María Pinto,alzheimer,2018,2022,5,1.0,1.4717,1.6453,1,0.0,0.0,0.0,0.0,1.0,15.6372
Melipilla,alzheimer,2018,2022,5,94.0,15.207,14.3579,0,0.0,0.0,1.0,0.2326,93.0,134.8803
Padre Hurtado,alzheimer,2018,2022,5,30.0,9.4862,12.0136,0,0.0,0.0,0.0,0.0,30.0,114.177
Paine,alzheimer,2018,2022,5,48.0,13.1942,15.3791,0,0.0,0.0,0.0,0.0,48.0,146.1632
Pedro Aguirre Cerda,alzheimer,2018,2022,5,63.0,12.4538,9.3768,0,0.0,0.0,2.0,0.5705,61.0,85.2491
Peñaflor,alzheimer,2018,2022,5,50.0,11.0864,12.1556,0,0.0,0.0,0.0,0.0,50.0,115.5268
Peñalolén,alzheimer,2018,2022,5,83.0,6.8709,7.1575,0,0.0,0.0,0.0,0.0,83.0,68.0244
Pirque,alzheimer,2018,2022,5,12.0,9.0494,9.7246,0,0.0,0.0,2.0,2.1355,10.0,77.9423
Providencia,alzheimer,2018,2022,5,196.0,27.5903,18.6346,0,0.0,0.0,0.0,0.0,196.0,177.1031
Pudahuel,alzheimer,2018,2022,5,81.0,7.0345,9.1201,0,0.0,0.0,0.0,0.0,81.0,86.6774
Puente Alto,alzheimer,2018,2022,5,141.0,4.9639,7.2234,0,0.0,0.0,1.0,0.0484,140.0,68.3227
Quilicura,alzheimer,2018,2022,5,42.0,3.9922,8.5885,0,0.0,0.0,0.0,0.0,42.0,81.6247
Quinta Normal,alzheimer,2018,2022,5,151.0,27.4481,22.3323,0,0.0,0.0,1.0,0.2579,150.0,210.4968
Recoleta,alzheimer,2018,2022,5,75.0,9.5026,8.0533,0,0.0,0.0,0.0,0.0,75.0,76.5384
Renca,alzheimer,2018,2022,5,56.0,7.6112,8.126,0,0.0,0.0,1.0,0.1955,55.0,75.9039
San Bernardo,alzheimer,2018,2022,5,142.0,9.4254,11.9422,0,0.0,0.0,2.0,0.1879,140.0,112.2244
San Joaquín,alzheimer,2018,2022,5,69.0,14.6044,10.4869,0,0.0,0.0,0.0,0.0,69.0,99.6678
San José de Maipo,alzheimer,2018,2022,5,7.0,7.697,7.6167,1,0.0,0.0,0.0,0.0,7.0,72.3888
San Miguel,alzheimer,2018,2022,5,120.0,22.2317,18.3526,0,0.0,0.0,1.0,0.2594,119.0,172.664
San Pedro,alzheimer,2018,2022,5,4.0,8.2254,6.9566,1,0.0,0.0,0.0,0.0,4.0,66.1157
San Ramón,alzheimer,2018,2022,5,43.0,10.3739,7.5799,0,0.0,0.0,1.0,0.3589,42.0,69.6056
Santiago,alzheimer,2018,2022,5,147.0,7.2683,10.5227,0,0.0,0.0,1.0,0.0609,146.0,99.5941
Talagante,alzheimer,2018,2022,5,45.0,12.1233,13.8304,0,0.0,0.0,0.0,0.0,45.0,131.4444
Tiltil,alzheimer,2018,2022,5,5.0,5.1781,5.5908,1,0.0,0.0,0.0,0.0,5.0,53.135
Vitacura,alzheimer,2018,2022,5,87.0,20.3785,12.3038,0,0.0,0.0,0.0,0.0,87.0,116.9355
Ñuñoa,alzheimer,2018,2022,5,233.0,22.3783,16.2127,0,0.0,0.0,0.0,0.0,233.0,154.0852
Alhué,cerebrovascular,2018,2022,5,8.0,24.8293,24.6868,1,0.0,0.0,3.0,12.2224,5.0,151.7451
Buin,cerebrovascular,2018,2022,5,172.0,35.6056,44.2302,0,0.0,0.0,21.0,6.0907,151.0,379.0636
Calera de Tango,cerebrovascular,2018,2022,5,31.0,24.4171,29.4429,0,0.0,0.0,3.0,3.2792,28.0,257.5897
Cerrillos,cerebrovascular,2018,2022,5,161.0,39.8357,36.0381,0,1.0,1.313,26.0,9.2968,134.0,277.2031
Cerro Navia,cerebrovascular,2018,2022,5,404.0,60.925,54.0552,0,0.0,0.0,69.0,15.0896,335.0,411.4216
Colina,cerebrovascular,2018,2022,5,172.0,23.5283,40.1001,0,1.0,0.5555,38.0,7.4411,133.0,329.6976
Conchalí,cerebrovascular,2018,2022,5,336.0,52.9321,43.3451,0,0.0,0.0,57.0,12.9756,279.0,323.9666
Curacaví,cerebrovascular,2018,2022,5,67.0,41.1308,39.1132,0,0.0,0.0,9.0,7.9267,58.0,317.9825
El Bosque,cerebrovascular,2018,2022,5,368.0,45.2909,40.8585,0,0.0,0.0,72.0,12.9095,296.0,300.7824
El Monte,cerebrovascular,2018,2022,5,71.0,39.529,42.6819,0,0.0,0.0,8.0,6.4115,63.0,362.173
Estación Central,cerebrovascular,2018,2022,5,317.0,43.1172,39.4526,0,0.0,0.0,50.0,9.2674,267.0,312.1164
Huechuraba,cerebrovascular,2018,2022,5,146.0,29.5933,33.0964,0,0.0,0.0,25.0,7.4432,121.0,264.0768
Independencia,cerebrovascular,2018,2022,5,279.0,55.6436,53.7912,0,0.0,0.0,52.0,14.1427,227.0,415.3325
Isla de Maipo,cerebrovascular,2018,2022,5,74.0,40.8625,43.6361,0,0.0,0.0,13.0,10.1917,61.0,345.6091
La Cisterna,cerebrovascular,2018,2022,5,217.0,48.1585,37.5952,0,0.0,0.0,32.0,10.3354,185.0,287.2225
La Florida,cerebrovascular,2018,2022,5,649.0,35.3759,30.3389,0,0.0,0.0,89.0,6.9057,560.0,241.5146
La Granja,cerebrovascular,2018,2022,5,271.0,46.4953,42.7022,0,0.0,0.0,46.0,11.3188,225.0,329.0917
La Pintana,cerebrovascular,2018,2022,5,286.0,32.2553,36.7724,0,0.0,0.0,82.0,13.4846,204.0,258.0482
La Reina,cerebrovascular,2018,2022,5,229.0,49.3604,36.6935,0,0.0,0.0,21.0,6.5802,208.0,304.1158
Lampa,cerebrovascular,2018,2022,5,132.0,25.8737,44.6723,0,0.0,0.0,33.0,9.1916,99.0,362.2393
Las Condes,cerebrovascular,2018,2022,5,705.0,47.8229,33.5503,0,1.0,0.4759,44.0,4.2477,660.0,289.239
Lo Barnechea,cerebrovascular,2018,2022,5,130.0,24.567,34.6183,0,0.0,0.0,10.0,2.6858,120.0,310.8003
Lo Espejo,cerebrovascular,2018,2022,5,226.0,45.7471,42.631,0,2.0,2.1183,52.0,15.2062,172.0,298.4039
Lo Prado,cerebrovascular,2018,2022,5,250.0,51.9486,40.2638,0,0.0,0.0,40.0,12.1438,210.0,300.3218
Macul,cerebrovascular,2018,2022,5,231.0,39.6451,29.87,0,0.0,0.0,28.0,6.8697,203.0,237.302
Maipú,cerebrovascular,2018,2022,5,899.0,34.4691,39.2169,0,1.0,0.217,164.0,8.5699,734.0,314.2325
María Pinto,cerebrovascular,2018,2022,5,30.0,44.1501,48.5139,0,0.0,0.0,4.0,8.0386,26.0,406.5676
Melipilla,cerebrovascular,2018,2022,5,349.0,56.4602,54.1655,0,0.0,0.0,68.0,15.8163,281.0,407.5417
Padre Hurtado,cerebrovascular,2018,2022,5,100.0,31.6206,38.8702,0,0.0,0.0,14.0,6.2109,86.0,327.3073
Paine,cerebrovascular,2018,2022,5,102.0,28.0378,31.9855,0,0.0,0.0,16.0,6.2108,86.0,261.8758
Pedro Aguirre Cerda,cerebrovascular,2018,2022,5,270.0,53.3734,42.9772,0,0.0,0.0,58.0,16.5438,212.0,296.2756
Peñaflor,cerebrovascular,2018,2022,5,196.0,43.4585,47.0657,0,0.0,0.0,36.0,11.448,160.0,369.6858
Peñalolén,cerebrovascular,2018,2022,5,412.0,34.1061,35.3371,0,0.0,0.0,77.0,9.0384,335.0,274.5564
Pirque,cerebrovascular,2018,2022,5,36.0,27.1483,29.2321,0,0.0,0.0,5.0,5.3387,31.0,241.6212
Providencia,cerebrovascular,2018,2022,5,416.0,58.559,40.937,0,0.0,0.0,32.0,6.2069,384.0,346.9775
Pudahuel,cerebrovascular,2018,2022,5,388.0,33.6962,41.1304,0,0.0,0.0,96.0,11.5675,292.0,312.4666
Puente Alto,cerebrovascular,2018,2022,5,845.0,29.748,40.2775,0,0.0,0.0,185.0,8.9525,660.0,322.0926
Quilicura,cerebrovascular,2018,2022,5,272.0,25.8543,46.952,0,0.0,0.0,77.0,9.9191,195.0,378.9719
Quinta Normal,cerebrovascular,2018,2022,5,286.0,51.9877,43.9753,0,0.0,0.0,48.0,12.381,238.0,333.9882
Recoleta,cerebrovascular,2018,2022,5,378.0,47.8933,42.0475,0,0.0,0.0,69.0,12.4294,309.0,315.3383
Renca,cerebrovascular,2018,2022,5,272.0,36.9688,39.1825,0,0.0,0.0,55.0,10.7531,217.0,299.4756
San Bernardo,cerebrovascular,2018,2022,5,539.0,35.7768,43.227,0,0.0,0.0,129.0,12.1183,410.0,328.6573
San Joaquín,cerebrovascular,2018,2022,5,249.0,52.7029,40.1886,0,0.0,0.0,36.0,10.9547,213.0,307.6701
San José de Maipo,cerebrovascular,2018,2022,5,23.0,25.29,25.0218,0,0.0,0.0,1.0,1.5188,22.0,227.5078
San Miguel,cerebrovascular,2018,2022,5,338.0,62.6193,53.0606,0,0.0,0.0,45.0,11.6738,293.0,425.1306
San Pedro,cerebrovascular,2018,2022,5,29.0,59.634,51.6467,0,0.0,0.0,3.0,9.0104,26.0,429.7521
San Ramón,cerebrovascular,2018,2022,5,262.0,63.2087,48.7098,0,0.0,0.0,37.0,13.2802,225.0,372.887
Santiago,cerebrovascular,2018,2022,5,536.0,26.5022,35.8402,0,0.0,0.0,93.0,5.6677,443.0,302.1931
Talagante,cerebrovascular,2018,2022,5,197.0,53.0733,59.0008,0,0.0,0.0,43.0,16.3567,154.0,449.832
Tiltil,cerebrovascular,2018,2022,5,28.0,28.9975,30.9009,0,0.0,0.0,5.0,7.2648,23.0,244.4208
Vitacura,cerebrovascular,2018,2022,5,178.0,41.694,25.8622,0,0.0,0.0,6.0,2.1548,172.0,231.1828
Ñuñoa,cerebrovascular,2018,2022,5,496.0,47.638,35.2751,0,0.0,0.0,29.0,3.8967,467.0,308.8318
Alhué,dementia,2018,2022,5,5.0,15.5183,15.6799,1,0.0,0.0,1.0,4.0741,4.0,121.3961
Buin,dementia,2018,2022,5,118.0,24.4271,31.0537,0,0.0,0.0,2.0,0.5801,116.0,291.2012
Calera de Tango,dementia,2018,2022,5,25.0,19.6912,24.1994,0,0.0,0.0,0.0,0.0,25.0,229.9908
Cerrillos,dementia,2018,2022,5,88.0,21.7736,19.1919,0,0.0,0.0,1.0,0.3576,87.0,179.9752
Cerro Navia,dementia,2018,2022,5,137.0,20.6602,17.8106,0,0.0,0.0,4.0,0.8748,133.0,163.3405
Colina,dementia,2018,2022,5,86.0,11.7641,22.4314,0,0.0,0.0,0.0,0.0,86.0,213.1879
Conchalí,dementia,2018,2022,5,158.0,24.8907,19.4247,0,0.0,0.0,3.0,0.6829,155.0,179.9814
Curacaví,dementia,2018,2022,5,53.0,32.5363,30.625,0,0.0,0.0,1.0,0.8807,52.0,285.0877
El Bosque,dementia,2018,2022,5,237.0,29.1683,25.4028,0,0.0,0.0,3.0,0.5379,234.0,237.7807
El Monte,dementia,2018,2022,5,29.0,16.1456,17.5415,0,0.0,0.0,0.0,0.0,29.0,166.7146
Estación Central,dementia,2018,2022,5,203.0,27.6113,24.9872,0,0.0,0.0,2.0,0.3707,201.0,234.9641
Huechuraba,dementia,2018,2022,5,54.0,10.9455,12.4003,0,0.0,0.0,0.0,0.0,54.0,117.8525
Independencia,dementia,2018,2022,5,210.0,41.8823,40.4312,0,0.0,0.0,2.0,0.544,208.0,380.569
Isla de Maipo,dementia,2018,2022,5,28.0,15.4615,16.6552,0,0.0,0.0,1.0,0.784,27.0,152.9745
La Cisterna,dementia,2018,2022,5,159.0,35.2867,26.041,0,0.0,0.0,1.0,0.323,158.0,245.3035
La Florida,dementia,2018,2022,5,543.0,29.5981,24.7303,0,0.0,0.0,9.0,0.6983,534.0,230.3015
La Granja,dementia,2018,2022,5,134.0,22.9903,20.6438,0,0.0,0.0,1.0,0.2461,133.0,194.5298
La Pintana,dementia,2018,2022,5,84.0,9.4736,11.1801,0,0.0,0.0,0.0,0.0,84.0,106.2551
La Reina,dementia,2018,2022,5,219.0,47.2049,33.691,0,0.0,0.0,0.0,0.0,219.0,320.1988
Lampa,dementia,2018,2022,5,40.0,7.8405,15.3998,0,0.0,0.0,0.0,0.0,40.0,146.3593
Las Condes,dementia,2018,2022,5,804.0,54.5384,37.1873,0,0.0,0.0,5.0,0.4827,799.0,350.1545
Lo Barnechea,dementia,2018,2022,5,131.0,24.756,35.538,0,0.0,0.0,2.0,0.5372,129.0,334.1103
Lo Espejo,dementia,2018,2022,5,75.0,15.1816,13.717,0,0.0,0.0,1.0,0.2924,74.0,128.3831
Lo Prado,dementia,2018,2022,5,161.0,33.4549,24.3586,0,0.0,0.0,2.0,0.6072,159.0,227.3865
Macul,dementia,2018,2022,5,142.0,24.3706,17.5178,0,0.0,0.0,1.0,0.2453,141.0,164.8255
Maipú,dementia,2018,2022,5,520.0,19.9376,23.3381,0,0.0,0.0,11.0,0.5748,509.0,217.9078
María Pinto,dementia,2018,2022,5,8.0,11.7734,13.1627,1,0.0,0.0,0.0,0.0,8.0,125.0977
Melipilla,dementia,2018,2022,5,228.0,36.8851,34.8199,0,0.0,0.0,2.0,0.4652,226.0,327.7737
Padre Hurtado,dementia,2018,2022,5,53.0,16.7589,21.224,0,0.0,0.0,0.0,0.0,53.0,201.7127
Paine,dementia,2018,2022,5,90.0,24.7392,28.8359,0,0.0,0.0,0.0,0.0,90.0,274.056
Pedro Aguirre Cerda,dementia,2018,2022,5,106.0,20.954,15.8127,0,0.0,0.0,4.0,1.141,102.0,142.5477
Peñaflor,dementia,2018,2022,5,86.0,19.0685,20.9076,0,0.0,0.0,0.0,0.0,86.0,198.7061
Peñalolén,dementia,2018,2022,5,189.0,15.6458,16.2958,0,0.0,0.0,1.0,0.1174,188.0,154.0794
Pirque,dementia,2018,2022,5,26.0,19.6071,21.206,0,0.0,0.0,2.0,2.1355,24.0,187.0616
Providencia,dementia,2018,2022,5,396.0,55.7436,37.6495,0,0.0,0.0,0.0,0.0,396.0,357.8205
Pudahuel,dementia,2018,2022,5,188.0,16.327,21.0878,0,0.0,0.0,3.0,0.3615,185.0,197.9668
Puente Alto,dementia,2018,2022,5,344.0,12.1104,17.5799,0,0.0,0.0,5.0,0.242,339.0,165.4385
Quilicura,dementia,2018,2022,5,102.0,9.6954,20.7451,0,0.0,0.0,1.0,0.1288,101.0,196.288
Quinta Normal,dementia,2018,2022,5,266.0,48.3522,39.3126,0,0.0,0.0,1.0,0.2579,265.0,371.8776
Recoleta,dementia,2018,2022,5,195.0,24.7068,20.9597,0,0.0,0.0,1.0,0.1801,194.0,197.9794
Renca,dementia,2018,2022,5,115.0,15.6302,16.6934,0,0.0,0.0,1.0,0.1955,114.0,157.3282
San Bernardo,dementia,2018,2022,5,278.0,18.4526,23.361,0,0.0,0.0,5.0,0.4697,273.0,218.8377
San Joaquín,dementia,2018,2022,5,160.0,33.8653,24.3827,0,0.0,0.0,1.0,0.3043,159.0,229.6692
San José de Maipo,dementia,2018,2022,5,23.0,25.29,25.0262,0,0.0,0.0,0.0,0.0,23.0,237.849
San Miguel,dementia,2018,2022,5,297.0,55.0234,45.4073,0,0.0,0.0,2.0,0.5188,295.0,428.0325
San Pedro,dementia,2018,2022,5,12.0,24.6761,20.8699,0,0.0,0.0,0.0,0.0,12.0,198.3471
San Ramón,dementia,2018,2022,5,102.0,24.608,17.8681,0,0.0,0.0,1.0,0.3589,101.0,167.3848
Santiago,dementia,2018,2022,5,318.0,15.7233,22.7679,0,0.0,0.0,2.0,0.1219,316.0,215.5599
Talagante,dementia,2018,2022,5,80.0,21.5526,24.5875,0,0.0,0.0,0.0,0.0,80.0,233.679
Tiltil,dementia,2018,2022,5,11.0,11.3919,12.2998,0,0.0,0.0,0.0,0.0,11.0,116.8969
Vitacura,dementia,2018,2022,5,190.0,44.5048,26.9852,0,0.0,0.0,1.0,0.3591,189.0,254.0323
Ñuñoa,dementia,2018,2022,5,517.0,49.655,36.0266,0,0.0,0.0,2.0,0.2687,515.0,340.5747
Alhué,parkinsonism,2018,2022,5,0.0,0.0,0.0,1,0.0,0.0,0.0,0.0,0.0,0.0
Buin,parkinsonism,2018,2022,5,25.0,5.1752,6.489,0,0.0,0.0,2.0,0.5801,23.0,57.7382
Calera de Tango,parkinsonism,2018,2022,5,2.0,1.5753,1.936,1,0.0,0.0,0.0,0.0,2.0,18.3993
Cerrillos,parkinsonism,2018,2022,5,23.0,5.6908,5.0812,0,0.0,0.0,2.0,0.7151,21.0,43.4423
Cerro Navia,parkinsonism,2018,2022,5,23.0,3.4685,2.9989,0,0.0,0.0,1.0,0.2187,22.0,27.0187
Colina,parkinsonism,2018,2022,5,14.0,1.9151,3.6516,0,0.0,0.0,0.0,0.0,14.0,34.705
Conchalí,parkinsonism,2018,2022,5,24.0,3.7809,2.9725,0,0.0,0.0,1.0,0.2276,23.0,26.7069
Curacaví,parkinsonism,2018,2022,5,5.0,3.0695,2.8843,1,0.0,0.0,0.0,0.0,5.0,27.4123
El Bosque,parkinsonism,2018,2022,5,35.0,4.3076,3.7842,0,0.0,0.0,2.0,0.3586,33.0,33.5332
El Monte,parkinsonism,2018,2022,5,6.0,3.3405,3.5962,1,0.0,0.0,1.0,0.8014,5.0,28.7439
Estación Central,parkinsonism,2018,2022,5,30.0,4.0805,3.69,0,0.0,0.0,0.0,0.0,30.0,35.0693
Huechuraba,parkinsonism,2018,2022,5,9.0,1.8242,2.0667,1,0.0,0.0,0.0,0.0,9.0,19.6421
Independencia,parkinsonism,2018,2022,5,31.0,6.1826,5.9695,0,0.0,0.0,1.0,0.272,30.0,54.8898
Isla de Maipo,parkinsonism,2018,2022,5,6.0,3.3132,3.5768,1,0.0,0.0,0.0,0.0,6.0,33.9943
La Cisterna,parkinsonism,2018,2022,5,21.0,4.6605,3.4305,0,0.0,0.0,0.0,0.0,21.0,32.6036
La Florida,parkinsonism,2018,2022,5,78.0,4.2517,3.5794,0,0.0,0.0,4.0,0.3104,74.0,31.9144
La Granja,parkinsonism,2018,2022,5,17.0,2.9167,2.6162,0,0.0,0.0,0.0,0.0,17.0,24.8647
La Pintana,parkinsonism,2018,2022,5,14.0,1.5789,1.8633,0,0.0,0.0,0.0,0.0,14.0,17.7092
La Reina,parkinsonism,2018,2022,5,36.0,7.7597,5.5382,0,0.0,0.0,0.0,0.0,36.0,52.6354
Lampa,parkinsonism,2018,2022,5,8.0,1.5681,2.7074,1,0.0,0.0,2.0,0.5571,6.0,21.9539
Las Condes,parkinsonism,2018,2022,5,119.0,8.0722,5.5328,0,0.0,0.0,2.0,0.1931,117.0,51.2742
Lo Barnechea,parkinsonism,2018,2022,5,21.0,3.9685,5.642,0,0.0,0.0,1.0,0.2686,20.0,51.8001
Lo Espejo,parkinsonism,2018,2022,5,10.0,2.0242,1.8776,0,0.0,0.0,2.0,0.5849,8.0,13.8793
Lo Prado,parkinsonism,2018,2022,5,19.0,3.9481,2.9251,0,0.0,0.0,1.0,0.3036,18.0,25.7419
Macul,parkinsonism,2018,2022,5,20.0,3.4325,2.46,0,0.0,0.0,0.0,0.0,20.0,23.3795
Maipú,parkinsonism,2018,2022,5,73.0,2.7989,3.2573,0,0.0,0.0,4.0,0.209,69.0,29.5396
María Pinto,parkinsonism,2018,2022,5,2.0,2.9433,3.2907,1,0.0,0.0,0.0,0.0,2.0,31.2744
Melipilla,parkinsonism,2018,2022,5,20.0,3.2355,3.0654,0,0.0,0.0,1.0,0.2326,19.0,27.5562
Padre Hurtado,parkinsonism,2018,2022,5,4.0,1.2648,1.6018,1,0.0,0.0,0.0,0.0,4.0,15.2236
Paine,parkinsonism,2018,2022,5,10.0,2.7488,3.1605,0,0.0,0.0,1.0,0.3882,9.0,27.4056
Pedro Aguirre Cerda,parkinsonism,2018,2022,5,14.0,2.7675,2.0586,0,0.0,0.0,0.0,0.0,14.0,19.5654
Peñaflor,parkinsonism,2018,2022,5,17.0,3.7694,4.1167,0,0.0,0.0,1.0,0.318,16.0,36.9686
Peñalolén,parkinsonism,2018,2022,5,20.0,1.6556,1.7247,0,0.0,0.0,0.0,0.0,20.0,16.3914
Pirque,parkinsonism,2018,2022,5,3.0,2.2624,2.4603,1,0.0,0.0,0.0,0.0,3.0,23.3827
Providencia,parkinsonism,2018,2022,5,76.0,10.6983,7.269,0,0.0,0.0,1.0,0.194,75.0,67.769
Pudahuel,parkinsonism,2018,2022,5,25.0,2.1711,2.8148,0,0.0,0.0,0.0,0.0,25.0,26.7523
Puente Alto,parkinsonism,2018,2022,5,59.0,2.0771,2.9791,0,0.0,0.0,3.0,0.1452,56.0,27.3291
Quilicura,parkinsonism,2018,2022,5,11.0,1.0456,2.2494,0,0.0,0.0,0.0,0.0,11.0,21.3779
Quinta Normal,parkinsonism,2018,2022,5,25.0,4.5444,3.7278,0,0.0,0.0,1.0,0.2579,24.0,33.6795
Recoleta,parkinsonism,2018,2022,5,23.0,2.9141,2.4697,0,0.0,0.0,0.0,0.0,23.0,23.4718
Renca,parkinsonism,2018,2022,5,24.0,3.262,3.485,0,0.0,0.0,0.0,0.0,24.0,33.1217
San Bernardo,parkinsonism,2018,2022,5,40.0,2.655,3.3218,0,0.0,0.0,3.0,0.2818,37.0,29.6593
San Joaquín,parkinsonism,2018,2022,5,24.0,5.0798,3.6476,0,0.0,0.0,0.0,0.0,24.0,34.6671
San José de Maipo,parkinsonism,2018,2022,5,2.0,2.1991,2.1762,1,0.0,0.0,0.0,0.0,2.0,20.6825
San Miguel,parkinsonism,2018,2022,5,32.0,5.9285,4.8854,0,0.0,0.0,0.0,0.0,32.0,46.4306
San Pedro,parkinsonism,2018,2022,5,0.0,0.0,0.0,1,0.0,0.0,0.0,0.0,0.0,0.0
San Ramón,parkinsonism,2018,2022,5,18.0,4.3426,3.2205,0,0.0,0.0,1.0,0.3589,17.0,28.1737
Santiago,parkinsonism,2018,2022,5,57.0,2.8183,4.0912,0,0.0,0.0,0.0,0.0,57.0,38.8826
Talagante,parkinsonism,2018,2022,5,12.0,3.2329,3.6522,0,0.0,0.0,1.0,0.3804,11.0,32.1309
Tiltil,parkinsonism,2018,2022,5,4.0,4.1425,4.4726,1,0.0,0.0,0.0,0.0,4.0,42.508
Vitacura,parkinsonism,2018,2022,5,31.0,7.2613,4.3841,0,0.0,0.0,0.0,0.0,31.0,41.6667
Ñuñoa,parkinsonism,2018,2022,5,89.0,8.548,6.2454,0,0.0,0.0,2.0,0.2687,87.0,57.534
