name,area_km2,poblacion,ingreso,escolaridad,pobreza_pct,pobreza_ci_low,pobreza_ci_high,pobreza_multi_pct,viv_materialidad_deficitaria_pct,hacinamiento_phh,nse_index,nse_index_pca,nse_quintil,tasa_delitos_violentos,tasa_delitos_propiedad,paes_puntaje_promedio,pct_fonasa_tramo_a_b,ipp_per_capita
Alhué,843.72,7691,150000,9.92,29.11,22.54,35.68,32.63,38.53,3.346,-1.371,-1.631,1,1443.2,1599.3,543.2,58.84,979.0
Buin,217.49,114827,165000,12.41,19.12,13.34,24.9,15.39,18.75,3.374,-0.119,-0.12,3,1322.0,2302.6,591.8,58.05,107.0
Calera de Tango,73.05,29640,233935,10.24,18.58,12.25,24.92,23.19,20.91,3.572,-0.569,-0.634,2,1244.9,2182.9,625.8,57.78,170.0
Cerrillos,16.92,89907,215448,11.71,22.55,15.85,29.26,27.84,10.01,3.364,-0.308,-0.359,2,2130.0,4169.9,587.6,56.02,223.0
Cerro Navia,11.14,141122,210000,10.47,23.02,16.21,29.84,20.64,18.5,3.432,-0.505,-0.595,2,1797.0,1411.5,544.2,59.65,22.0
Colina,971.57,191338,216667,11.56,24.58,17.26,31.89,23.74,13.58,3.686,-0.534,-0.578,2,1205.7,1847.5,638.0,58.99,217.0
Conchalí,10.98,138230,208817,11.42,18.72,12.38,25.06,19.15,17.43,3.327,-0.193,-0.224,3,1547.4,1841.9,552.5,56.73,75.0
Curacaví,693.8,37653,203945,10.91,25.84,18.98,32.71,26.53,23.83,3.218,-0.651,-0.797,1,1460.7,2270.7,562.8,63.7,136.0
El Bosque,14.26,170902,200000,11.4,17.48,11.95,23.01,13.42,13.48,3.433,-0.032,-0.02,4,1481.0,1755.4,596.8,60.37,41.0
El Monte,115.33,41392,203917,10.76,22.96,15.66,30.27,24.96,24.55,3.3,-0.619,-0.74,2,1220.0,1439.9,515.2,59.03,88.0
Estación Central,14.29,218525,326521,12.16,22.81,17.01,28.62,29.53,13.78,3.128,-0.149,-0.2,3,1819.9,3957.0,583.2,54.91,101.0
Huechuraba,44.96,116377,200000,12.27,18.64,12.52,24.77,21.12,13.35,3.529,-0.183,-0.17,3,1290.6,2731.6,655.3,58.26,358.0
Independencia,7.28,150807,400000,13.23,22.42,15.69,29.14,26.5,15.72,2.886,0.191,0.174,4,1457.5,2135.8,578.4,57.67,85.0
Isla de Maipo,187.55,41550,210000,10.07,22.88,16.21,29.54,21.09,25.22,3.337,-0.633,-0.761,1,1497.0,1275.6,550.8,59.77,94.0
La Cisterna,10.01,101315,320803,12.79,13.47,7.85,19.09,9.9,11.78,3.076,0.621,0.716,5,2274.1,3714.2,581.1,57.35,115.0
La Florida,71.12,406402,318088,12.59,13.16,9.21,17.1,13.0,7.85,3.188,0.56,0.66,5,1315.7,2619.8,617.1,56.28,111.0
La Granja,10.06,120772,209778,10.7,22.31,15.7,28.91,29.27,19.19,3.401,-0.64,-0.748,1,1942.5,2020.3,574.6,59.13,42.0
La Pintana,30.53,189224,156000,10.23,27.0,21.28,32.72,28.05,18.04,3.633,-0.934,-1.076,1,1806.3,1571.2,557.7,63.09,32.0
La Reina,23.64,99946,420917,14.79,4.9,1.47,8.32,4.38,5.2,3.233,1.292,1.574,5,950.5,2898.6,698.3,54.76,307.0
Lampa,450.07,137016,180000,10.9,25.61,19.12,32.09,31.35,19.65,3.431,-0.8,-0.937,1,1501.3,1842.9,570.0,60.21,173.0
Las Condes,98.9,339547,743000,15.59,4.43,1.88,6.98,4.82,0.95,2.767,2.009,2.356,5,538.1,2193.5,730.0,53.98,605.0
Lo Barnechea,1022.13,128997,280000,14.06,10.89,6.39,15.38,10.4,6.56,3.94,0.402,0.621,5,683.7,1214.0,748.2,53.53,868.0
Lo Espejo,8.19,102145,199778,10.43,28.78,21.52,36.04,33.23,15.53,3.578,-0.946,-1.1,1,1703.5,1810.2,557.0,60.9,46.0
Lo Prado,6.57,103390,203917,11.37,19.32,12.62,26.02,16.62,13.84,3.216,-0.034,-0.062,3,1748.7,2166.6,560.6,58.44,35.0
Macul,12.81,137336,400000,13.37,13.45,8.1,18.79,10.35,7.02,2.926,0.919,1.048,5,1200.7,2558.7,603.8,56.32,133.0
Maipú,137.61,585951,248179,12.43,14.84,11.23,18.46,15.43,7.29,3.358,0.305,0.382,4,1220.4,1977.1,616.8,51.79,68.0
María Pinto,394.62,15382,193917,9.47,27.16,20.14,34.18,31.64,27.78,3.201,-1.013,-1.241,1,1365.2,1410.7,530.2,62.72,205.0
Melipilla,1343.13,146241,203917,10.96,22.81,16.58,29.04,20.78,19.99,3.161,-0.343,-0.441,2,1460.6,2182.0,580.4,64.24,56.0
Padre Hurtado,81.22,78847,300000,11.37,19.55,13.53,25.58,22.65,18.46,3.399,-0.267,-0.296,2,1595.5,1405.3,573.9,55.92,104.0
Paine,678.14,86258,193935,10.89,20.95,14.27,27.62,16.57,23.41,3.359,-0.399,-0.472,2,1472.3,1948.8,585.2,60.6,123.0
Pedro Aguirre Cerda,8.64,106065,243917,11.03,20.17,13.95,26.39,19.02,12.83,3.383,-0.173,-0.201,3,1464.2,1960.1,566.4,60.19,56.0
Peñaflor,69.32,104684,200000,11.97,15.13,9.53,20.73,12.31,13.99,3.402,0.115,0.16,4,1114.8,1638.3,566.7,56.27,67.0
Peñalolén,53.62,271089,273917,12.41,16.64,11.27,22.01,11.49,13.26,3.448,0.195,0.265,4,1215.1,1729.7,634.8,59.51,123.0
Pirque,444.7,32041,211671,11.91,19.42,13.35,25.48,18.46,26.15,3.466,-0.394,-0.427,2,1117.3,1432.5,579.2,57.49,213.0
Providencia,14.43,162013,1000000,16.26,4.32,1.52,7.12,4.19,1.32,2.292,2.58,2.962,5,1498.6,7070.4,682.8,52.51,570.0
Pudahuel,197.45,259195,236000,11.85,16.88,12.02,21.73,16.8,10.09,3.458,0.046,0.084,4,1654.7,2517.4,584.1,55.31,190.0
Puente Alto,88.13,661900,200000,12.03,18.92,14.49,23.35,19.51,9.68,3.452,-0.066,-0.052,4,1301.7,1649.5,599.0,55.48,42.0
Quilicura,56.99,268706,208785,12.2,17.05,11.75,22.35,17.41,7.81,3.468,0.078,0.126,4,1360.6,1859.3,608.6,49.91,180.0
Quinta Normal,11.83,140381,400000,12.81,19.68,13.76,25.6,31.87,15.55,3.093,-0.001,-0.011,4,2152.0,2805.9,572.0,56.69,85.0
Recoleta,15.85,195514,260879,11.47,21.16,15.22,27.1,18.18,19.09,3.156,-0.123,-0.174,3,2033.1,2895.4,581.9,59.9,142.0
Renca,23.75,162638,193000,10.88,19.5,13.15,25.84,15.87,14.59,3.425,-0.21,-0.24,3,1655.8,1943.0,580.7,57.15,148.0
San Bernardo,153.14,343570,199917,11.62,18.71,14.04,23.38,17.52,13.77,3.487,-0.161,-0.161,3,1650.0,2494.4,588.0,57.72,115.0
San Joaquín,9.94,103586,270000,11.79,19.61,13.77,25.46,22.17,11.73,3.185,0.006,-0.012,4,1633.4,2654.8,532.4,59.51,169.0
San José de Maipo,4984.91,19211,244051,11.45,24.4,18.03,30.77,29.03,31.51,3.491,-0.876,-0.998,1,1582.4,2561.0,552.4,58.92,177.0
San Miguel,9.63,140870,421694,14.09,12.92,8.27,17.57,17.78,5.97,2.814,0.952,1.083,5,1702.3,3861.0,590.2,53.91,122.0
San Pedro,794.84,12336,198310,8.74,31.93,23.09,40.77,19.28,36.76,2.994,-1.014,-1.301,1,1410.5,2294.1,561.4,70.71,86.0
San Ramón,6.31,84926,223917,10.75,19.17,13.1,25.25,18.23,20.03,3.4,-0.33,-0.38,2,2065.3,2371.5,562.6,62.47,48.0
Santiago,23.28,530538,489000,14.17,16.47,10.88,22.05,11.3,9.85,2.326,1.253,1.346,5,2011.5,5353.8,625.0,52.17,226.0
Talagante,128.01,84153,200000,11.52,16.99,11.1,22.88,19.24,15.46,3.434,-0.168,-0.171,3,1478.3,2184.1,600.4,55.68,75.0
Tiltil,654.87,22110,193917,9.55,28.91,20.81,37.01,29.47,28.15,3.332,-1.083,-1.307,1,1379.5,2270.5,532.2,54.97,131.0
Vitacura,28.29,97546,950000,16.23,2.44,0.0,5.09,1.63,0.84,3.037,2.238,2.686,5,542.3,2105.7,763.2,51.99,862.0
Ñuñoa,16.91,261138,693470,15.61,5.17,1.83,8.5,3.42,2.13,2.533,2.079,2.395,5,1064.6,3201.8,649.0,52.86,166.0
